,time,temperature_2m_mean,temperature_2m_min,temperature_2m_max,temperature_2m_range,precipitation_sum,rainy_days,max_daily_precipitation,wind_speed_10m_max,wind_speed_10m_mean,windy_days,temperature_2m_mean_ma3,temperature_2m_mean_ma12,precipitation_sum_ma3,precipitation_sum_ma12,wind_speed_10m_max_ma3,wind_speed_10m_max_ma12,city,temperature_2m_mean_rank,precipitation_sum_rank,wind_speed_10m_max_rank
0,2010-01-01,4.393548387096774,-1.5,9.6,11.1,52.0,10,10.9,30.2,14.338709677419354,7,4.393548387096774,4.393548387096774,52.0,52.0,30.2,30.2,Madrid,2.0,2.0,3.0
1,2010-02-01,5.057142857142857,-0.0,11.9,11.9,71.2,11,20.9,39.3,16.360714285714288,10,4.725345622119816,4.725345622119816,61.6,61.6,34.75,34.75,Madrid,2.0,3.0,3.0
2,2010-03-01,7.393548387096774,2.0,12.6,10.6,53.7,10,16.2,29.1,15.290322580645162,7,5.614746543778803,5.614746543778803,58.96666666666667,58.96666666666667,32.86666666666667,32.86666666666667,Madrid,2.0,2.0,2.0
3,2010-04-01,12.293333333333333,7.3,19.2,11.899999999999999,67.0,10,13.9,18.2,11.323333333333332,0,8.248008192524322,7.284393241167434,63.96666666666667,60.975,28.866666666666664,29.2,Madrid,2.0,2.0,1.0
4,2010-05-01,14.941935483870967,7.5,23.5,16.0,20.6,6,4.0,34.7,14.741935483870968,5,11.542939068100358,8.815901689708141,47.1,52.9,27.333333333333332,30.3,Madrid,2.0,3.0,3.0
5,2010-06-01,20.453333333333333,12.7,25.9,13.2,42.7,5,20.1,25.0,13.046666666666665,2,15.896200716845877,10.75547363031234,43.43333333333334,51.199999999999996,25.96666666666667,29.416666666666668,Madrid,3.0,1.0,1.0
6,2010-07-01,27.438709677419357,24.6,30.5,5.899999999999999,4.4,2,2.0,18.3,13.841935483870968,0,20.944659498207884,13.138793065613342,22.566666666666666,44.51428571428572,26.0,27.82857142857143,Madrid,3.0,3.0,1.0
7,2010-08-01,25.816129032258065,20.9,29.0,8.100000000000001,2.3000000000000003,1,1.6,22.7,14.816129032258065,7,24.569390681003586,14.723460061443934,16.46666666666667,39.237500000000004,22.0,27.1875,Madrid,3.0,3.0,1.0
8,2010-09-01,20.44,14.4,26.2,11.799999999999999,21.0,4,8.2,25.8,11.543333333333333,2,24.56494623655914,15.35863116572794,9.233333333333333,37.211111111111116,22.266666666666666,27.033333333333335,Madrid,2.0,3.0,1.0
9,2010-10-01,13.235483870967743,9.1,18.8,9.700000000000001,44.300000000000004,5,28.1,32.6,12.825806451612904,5,19.830537634408604,15.146316436251919,22.53333333333333,37.92,27.03333333333333,27.589999999999996,Madrid,2.0,3.0,3.0
10,2010-11-01,7.266666666666667,0.8,13.4,12.6,30.4,7,7.5,29.0,12.67,3,13.647383512544804,14.429984639016897,31.900000000000002,37.23636363636364,29.13333333333333,27.718181818181815,Madrid,2.0,3.0,2.0
11,2010-12-01,5.080645161290323,-0.1,11.7,11.799999999999999,82.6,14,24.3,27.9,12.238709677419354,4,8.527598566308244,13.650873015873017,52.43333333333334,41.01666666666667,29.833333333333332,27.733333333333334,Madrid,2.0,2.0,2.0
12,2011-01-01,4.516129032258065,-0.8,10.1,10.9,38.0,7,10.3,25.7,11.13225806451613,2,5.621146953405018,13.661088069636456,50.333333333333336,39.85,27.533333333333328,27.358333333333334,Madrid,2.0,3.0,2.0
13,2011-02-01,6.425,1.9,10.5,8.6,28.6,5,12.4,28.0,13.692857142857141,5,5.340591397849463,13.775076164874553,49.73333333333333,36.300000000000004,27.199999999999992,26.416666666666668,Madrid,1.0,3.0,2.0
14,2011-03-01,8.038709677419355,2.8,12.9,10.100000000000001,84.5,11,21.2,22.6,13.03225806451613,1,6.326612903225807,13.82883960573477,50.36666666666667,38.86666666666667,25.433333333333326,25.875,Madrid,2.0,2.0,2.0
15,2011-04-01,14.913333333333332,10.3,19.2,8.899999999999999,62.0,7,19.6,17.1,12.120000000000001,0,9.792347670250896,14.0471729390681,58.36666666666667,38.449999999999996,22.566666666666663,25.78333333333333,Madrid,2.0,2.0,1.0
16,2011-05-01,17.503225806451614,13.1,22.9,9.799999999999999,53.9,8,21.0,19.4,11.899999999999999,0,13.485089605734766,14.260613799283155,66.8,41.225,19.699999999999992,24.508333333333336,Madrid,2.0,2.0,1.0
17,2011-06-01,22.05,14.7,29.1,14.400000000000002,14.1,2,11.1,21.9,13.663333333333332,2,18.15551971326165,14.393669354838712,43.333333333333336,38.84166666666667,19.466666666666665,24.25,Madrid,3.0,3.0,1.0
18,2011-07-01,24.57741935483871,19.7,27.7,8.0,0.4,0,0.4,24.7,16.219354838709677,4,21.376881720430106,14.155228494623655,22.799999999999997,38.50833333333333,21.99999999999999,24.78333333333333,Madrid,3.0,3.0,2.0
19,2011-08-01,25.32903225806452,20.5,29.4,8.899999999999999,6.2,1,3.2,20.4,14.651612903225805,1,23.985483870967744,14.114637096774194,6.8999999999999995,38.833333333333336,22.33333333333333,24.59166666666667,Madrid,3.0,3.0,1.0
20,2011-09-01,21.973333333333336,18.2,25.7,7.5,4.2,1,3.6,17.9,10.933333333333334,0,23.95992831541219,14.24241487455197,3.6,37.43333333333333,20.999999999999993,23.933333333333334,Madrid,3.0,3.0,1.0
21,2011-10-01,16.39032258064516,9.3,21.2,11.899999999999999,45.5,3,21.7,22.3,11.919354838709678,2,21.230896057347675,14.505318100358425,18.633333333333333,37.53333333333333,20.199999999999992,23.075,Madrid,2.0,2.0,1.0
22,2011-11-01,9.83,5.6,14.0,8.4,84.7,10,14.3,26.9,12.093333333333334,3,16.064551971326168,14.718929211469534,44.800000000000004,42.05833333333333,22.36666666666666,22.900000000000002,Madrid,1.0,2.0,2.0
23,2011-12-01,5.103225806451612,2.2,9.2,6.999999999999999,7.0,3,3.2,27.7,10.7,2,10.441182795698927,14.720810931899642,45.73333333333333,35.75833333333333,25.633333333333326,22.88333333333333,Madrid,1.0,3.0,2.0
24,2012-01-01,4.316129032258065,1.6,6.6,5.0,4.1000000000000005,1,2.2,20.9,10.19032258064516,1,6.416451612903227,14.704144265232976,31.933333333333334,32.93333333333334,25.16666666666666,22.483333333333334,Madrid,1.0,3.0,2.0
25,2012-02-01,3.817241379310345,-0.9,10.5,11.4,3.7,2,1.6,30.9,15.117241379310345,8,4.412198739340009,14.48683104684217,4.933333333333329,30.858333333333334,26.49999999999999,22.724999999999998,Madrid,2.0,3.0,2.0
26,2012-03-01,10.432258064516128,5.1,14.5,9.4,7.6000000000000005,1,6.9,21.7,12.506451612903225,2,6.188542825361513,14.68629341243357,5.133333333333329,24.45,24.499999999999996,22.650000000000002,Madrid,2.0,3.0,1.0
27,2012-04-01,10.22,6.3,14.4,8.100000000000001,48.6,9,9.7,30.6,17.823333333333334,11,8.156499814608827,14.295182301322457,19.966666666666665,23.333333333333332,27.73333333333333,23.774999999999995,Madrid,2.0,3.0,2.0
28,2012-05-01,18.338709677419356,9.0,25.8,16.8,12.799999999999999,4,3.9,22.2,14.564516129032258,5,12.99698924731183,14.364805957236436,22.999999999999996,19.908333333333335,24.83333333333333,24.008333333333336,Madrid,2.0,3.0,1.0
29,2012-06-01,23.826666666666664,18.0,30.8,12.8,2.1,1,1.1,25.5,16.283333333333335,7,17.461792114695342,14.512861512791991,21.16666666666666,18.908333333333335,26.099999999999994,24.308333333333334,Madrid,3.0,3.0,2.0
30,2012-07-01,25.729032258064517,20.3,29.9,9.599999999999998,2.3,1,1.3,24.7,15.451612903225806,5,22.631469534050183,14.608829254727477,5.733333333333328,19.066666666666666,24.13333333333333,24.308333333333334,Madrid,3.0,3.0,1.0
31,2012-08-01,26.419354838709676,20.5,32.3,11.799999999999997,1.5,1,1.3,27.1,16.183870967741935,5,25.32501792114695,14.699689469781239,1.9666666666666621,18.675,25.766666666666662,24.866666666666664,Madrid,3.0,3.0,1.0
32,2012-09-01,20.81,13.2,25.2,12.0,57.1,4,37.5,30.9,14.643333333333334,3,24.319462365591395,14.602745025336795,20.299999999999994,23.083333333333332,27.566666666666663,25.950000000000003,Madrid,2.0,1.0,1.0
33,2012-10-01,13.938709677419356,6.5,20.4,13.899999999999999,56.8,8,19.2,20.4,11.193548387096774,1,20.38935483870968,14.398443950067977,38.46666666666666,24.024999999999995,26.133333333333326,25.791666666666668,Madrid,2.0,2.0,1.0
34,2012-11-01,8.816666666666666,3.3,12.4,9.100000000000001,94.7,7,22.3,24.6,13.76,2,14.521792114695339,14.313999505623533,69.53333333333333,24.858333333333334,25.299999999999997,25.599999999999998,Madrid,2.0,2.0,1.0
35,2012-12-01,5.548387096774194,2.3,10.4,8.100000000000001,13.8,4,4.8,27.6,11.419354838709678,3,9.434587813620073,14.35109627981708,55.1,25.425,24.199999999999992,25.591666666666665,Madrid,2.0,3.0,2.0
36,2013-01-01,5.0,1.3,9.5,8.2,36.1,8,17.3,30.5,14.635483870967741,6,6.455017921146954,14.40808552712891,48.199999999999996,28.091666666666665,27.566666666666663,26.391666666666666,Madrid,2.0,3.0,2.0
37,2013-02-01,5.028571428571429,1.5,8.4,6.9,33.2,7,9.3,28.5,16.242857142857144,7,5.192319508448542,14.509029697900665,27.700000000000003,30.55,28.86666666666666,26.191666666666663,Madrid,2.0,3.0,2.0
38,2013-03-01,7.583870967741936,3.1,11.1,8.0,104.6,16,19.1,28.6,18.190322580645162,12,5.8708141321044565,14.271664106502817,57.96666666666667,38.63333333333333,29.2,26.766666666666666,Madrid,2.0,2.0,2.0
39,2013-04-01,11.096666666666666,4.8,18.5,13.7,46.599999999999994,7,18.9,28.8,16.156666666666666,8,7.9030363543266775,14.344719662058372,61.46666666666667,38.46666666666667,28.63333333333333,26.61666666666667,Madrid,2.0,1.0,2.0
40,2013-05-01,13.470967741935485,7.4,18.0,10.6,35.6,8,9.7,22.5,14.209677419354838,3,10.717168458781364,13.939074500768049,62.26666666666666,40.36666666666667,26.63333333333333,26.641666666666666,Madrid,2.0,3.0,1.0
41,2013-06-01,20.5,13.7,26.3,12.600000000000001,4.5,1,1.5,24.2,15.296666666666665,1,15.022544802867385,13.661852278545828,28.899999999999995,40.56666666666667,25.16666666666666,26.53333333333333,Madrid,2.0,3.0,2.0
42,2013-07-01,26.73225806451613,20.2,29.5,9.3,2.5,1,1.8,21.4,13.329032258064515,3,20.23440860215054,13.74545442908346,14.200000000000001,40.583333333333336,22.699999999999992,26.25833333333333,Madrid,3.0,3.0,1.0
43,2013-08-01,26.09032258064516,20.6,29.1,8.5,0.6,0,0.3,22.9,15.264516129032257,3,24.440860215053764,13.718035074244753,2.533333333333333,40.50833333333333,22.83333333333333,25.908333333333335,Madrid,3.0,3.0,1.0
44,2013-09-01,21.946666666666665,16.5,24.9,8.399999999999999,17.0,3,9.8,21.5,13.24,2,24.923082437275983,13.812757296466975,6.7,37.166666666666664,21.933333333333326,25.125,Madrid,2.0,3.0,1.0
45,2013-10-01,15.209677419354838,8.4,19.6,11.200000000000001,59.8,6,18.1,19.2,12.283870967741937,0,21.08222222222222,13.918671274961598,25.8,37.416666666666664,21.199999999999996,25.025000000000002,Madrid,2.0,3.0,1.0
46,2013-11-01,7.826666666666667,2.3,14.8,12.5,18.4,6,11.0,24.2,15.04,3,14.994336917562725,13.836171274961599,31.733333333333334,31.058333333333334,21.63333333333333,24.991666666666664,Madrid,2.0,3.0,1.0
47,2013-12-01,4.129032258064516,1.7,8.0,6.3,46.1,7,16.2,33.4,11.96774193548387,5,9.055125448028674,13.717891705069123,41.43333333333333,33.75,25.599999999999994,25.475000000000005,Madrid,1.0,3.0,2.0
48,2014-01-01,6.203225806451614,3.4,9.7,6.299999999999999,74.3,14,14.3,34.4,15.403225806451612,3,6.0529749103942665,13.818160522273425,46.26666666666667,36.93333333333333,30.666666666666657,25.8,Madrid,2.0,2.0,2.0
49,2014-02-01,5.789285714285714,1.7,10.8,9.100000000000001,60.6,11,14.2,30.0,18.50714285714286,12,5.373847926267282,13.881553379416284,60.333333333333336,39.21666666666667,32.599999999999994,25.925,Madrid,1.0,2.0,2.0
50,2014-03-01,9.509677419354839,6.7,13.7,6.999999999999999,22.3,4,9.3,31.6,14.780645161290321,3,7.167396313364056,14.042037250384025,52.400000000000006,32.358333333333334,31.999999999999996,26.175,Madrid,2.0,3.0,2.0
51,2014-04-01,14.426666666666668,8.8,19.1,10.3,39.9,8,12.7,29.6,14.356666666666666,4,9.908543266769074,14.319537250384025,40.93333333333333,31.8,30.399999999999995,26.241666666666664,Madrid,2.0,3.0,1.5
52,2014-05-01,17.438709677419357,11.4,23.1,11.700000000000001,14.099999999999998,2,9.2,28.6,15.851612903225806,5,13.79168458781362,14.650182411674349,25.433333333333334,30.008333333333336,29.933333333333326,26.75,Madrid,2.0,3.0,2.0
53,2014-06-01,21.813333333333333,17.1,25.8,8.7,10.8,3,6.2,26.4,15.416666666666666,3,17.892903225806453,14.759626856118793,21.599999999999998,30.53333333333333,28.2,26.933333333333334,Madrid,3.0,3.0,3.0
54,2014-07-01,24.177419354838708,16.7,29.4,12.7,13.799999999999999,2,9.7,26.5,14.616129032258065,3,21.143154121863798,14.546723630312341,12.899999999999997,31.474999999999998,27.16666666666666,27.358333333333334,Madrid,3.0,3.0,2.0
55,2014-08-01,25.187096774193545,22.4,27.5,5.100000000000001,1.8000000000000003,1,1.6,20.6,13.887096774193548,2,23.72594982078853,14.47145481310804,8.799999999999997,31.575,24.499999999999996,27.166666666666668,Madrid,3.0,3.0,1.0
56,2014-09-01,20.903333333333332,16.2,28.4,12.2,15.7,5,4.5,26.0,13.256666666666666,1,23.422616487455198,14.384510368663593,10.43333333333333,31.466666666666665,24.366666666666664,27.541666666666668,Madrid,2.0,2.0,2.0
57,2014-10-01,16.19677419354839,11.7,19.2,7.5,79.9,6,21.8,22.8,11.819354838709677,4,20.76240143369176,14.466768433179723,32.46666666666667,33.141666666666666,23.13333333333333,27.84166666666667,Madrid,2.0,1.0,1.0
58,2014-11-01,9.876666666666667,6.4,15.1,8.7,75.9,13,15.8,26.7,13.936666666666667,2,15.658924731182799,14.637601766513058,57.166666666666664,37.93333333333333,25.16666666666666,28.05,Madrid,2.0,2.0,1.0
59,2014-12-01,5.283870967741936,1.4,10.3,8.9,38.5,3,21.6,21.2,10.548387096774194,1,10.452437275985664,14.733838325652842,64.76666666666667,37.300000000000004,23.566666666666663,27.033333333333335,Madrid,2.0,2.0,1.0
60,2015-01-01,3.732258064516129,1.3,10.5,9.2,28.3,6,7.6,29.4,12.325806451612904,4,6.297598566308245,14.527924347158217,47.56666666666667,33.46666666666667,25.766666666666662,26.616666666666664,Madrid,1.0,3.0,2.0
61,2015-02-01,5.021428571428571,0.5,9.5,9.0,15.8,4,5.2,29.4,16.710714285714285,11,4.679185867895547,14.463936251920122,27.53333333333333,29.733333333333334,26.66666666666666,26.566666666666666,Madrid,2.0,3.0,2.0
62,2015-03-01,9.819354838709677,5.2,15.6,10.399999999999999,46.4,7,16.7,30.3,13.619354838709677,4,6.191013824884794,14.489742703533025,30.166666666666668,31.741666666666664,29.699999999999992,26.458333333333332,Madrid,2.0,2.0,2.0
63,2015-04-01,13.370000000000001,8.4,16.4,7.999999999999998,19.1,4,10.1,24.6,14.146666666666667,3,9.403594470046086,14.40168714797747,27.100000000000005,30.008333333333336,28.099999999999994,26.041666666666668,Madrid,2.0,3.0,1.0
64,2015-05-01,19.438709677419357,14.5,26.9,12.399999999999999,3.7,2,2.0,29.6,15.683870967741935,6,14.209354838709679,14.568353814644135,23.066666666666663,29.141666666666666,28.16666666666666,26.125,Madrid,2.0,3.0,2.0
65,2015-06-01,23.48,14.2,31.3,17.1,22.099999999999998,3,10.6,22.7,13.273333333333333,3,18.762903225806454,14.707242703533026,14.966666666666667,30.08333333333334,25.63333333333333,25.816666666666666,Madrid,3.0,3.0,1.0
66,2015-07-01,28.967741935483872,24.2,31.6,7.400000000000002,7.699999999999999,3,3.3,22.3,14.893548387096773,1,23.96215053763441,15.106436251920123,11.166666666666666,29.575000000000003,24.866666666666664,25.46666666666667,Madrid,3.0,3.0,1.0
67,2015-08-01,25.345161290322583,19.5,29.4,9.899999999999999,7.6,4,3.3,24.3,15.306451612903226,3,25.930967741935486,15.119608294930877,12.466666666666667,30.058333333333334,23.099999999999994,25.775000000000002,Madrid,3.0,3.0,2.0
68,2015-09-01,19.576666666666664,15.0,23.3,8.3,8.8,3,3.1,33.4,12.9,3,24.629856630824374,15.00905273937532,8.033333333333333,29.483333333333334,26.66666666666666,26.391666666666666,Madrid,2.0,3.0,3.0
69,2015-10-01,14.76774193548387,11.0,18.8,7.800000000000001,42.6,7,15.9,27.9,12.506451612903225,5,19.89652329749104,14.889966717869944,19.666666666666668,26.375,28.53333333333333,26.816666666666663,Madrid,2.0,2.0,2.0
70,2015-11-01,10.486666666666668,4.0,14.8,10.8,39.0,3,31.1,23.9,11.183333333333334,3,14.9436917562724,14.940800051203277,30.133333333333336,23.3,28.399999999999995,26.583333333333332,Madrid,2.0,3.0,1.0
71,2015-12-01,7.690322580645161,4.9,10.1,5.199999999999999,3.9,1,1.4,16.9,8.641935483870967,0,10.9815770609319,15.14133768561188,28.500000000000004,20.416666666666668,22.899999999999995,26.224999999999998,Madrid,1.0,3.0,1.0
72,2016-01-01,7.009677419354839,1.9,10.8,8.9,47.2,10,9.3,31.9,14.725806451612904,9,8.395555555555557,15.414455965181773,30.033333333333335,21.991666666666664,24.23333333333333,26.433333333333337,Madrid,2.0,3.0,2.0
73,2016-02-01,6.655172413793103,1.9,11.5,9.6,28.8,8,11.4,31.1,18.406896551724138,13,7.118390804597701,15.550601285378818,26.633333333333336,23.075,26.633333333333326,26.575,Madrid,2.0,3.0,2.0
74,2016-03-01,7.683870967741935,4.8,12.6,7.8,32.8,6,12.4,25.9,15.496774193548386,7,7.116240266963292,15.372644296131506,36.266666666666666,21.941666666666666,29.633333333333326,26.208333333333332,Madrid,2.0,3.0,2.0
75,2016-04-01,10.576666666666666,6.9,13.9,7.0,80.0,9,21.3,26.8,16.46333333333333,7,8.305236682733902,15.139866518353728,47.199999999999996,27.016666666666666,27.933333333333326,26.391666666666666,Madrid,2.0,1.0,1.0
76,2016-05-01,14.764516129032257,10.3,19.5,9.2,66.1,8,29.9,25.2,14.406451612903227,4,11.008351254480287,14.750350389321468,59.633333333333326,32.21666666666667,25.966666666666658,26.024999999999995,Madrid,2.0,1.0,1.0
77,2016-06-01,22.926666666666666,15.3,27.8,12.5,3.4000000000000004,1,1.3,27.3,14.526666666666667,4,16.089283154121862,14.704239278210357,49.83333333333332,30.65833333333333,26.433333333333326,26.40833333333333,Madrid,3.0,3.0,2.0
78,2016-07-01,27.59032258064516,22.6,30.6,8.0,4.3,1,2.0,25.0,15.23225806451613,3,21.760501792114695,14.589454331973798,24.599999999999998,30.375,25.83333333333333,26.63333333333333,Madrid,3.0,2.0,1.0
79,2016-08-01,26.94193548387097,22.9,29.1,6.200000000000003,0.0,0,0.0,22.5,14.01290322580645,2,25.819641577060935,14.72251884810283,2.566666666666667,29.74166666666667,24.933333333333326,26.48333333333333,Madrid,3.0,3.0,1.0
80,2016-09-01,22.456666666666667,14.6,30.2,15.6,9.4,1,9.1,23.5,12.08,2,25.66297491039427,14.962518848102832,4.566666666666666,29.791666666666668,23.66666666666666,25.65833333333333,Madrid,3.0,3.0,1.0
81,2016-10-01,16.20967741935484,12.0,21.6,9.600000000000001,76.3,10,14.6,23.7,10.370967741935484,1,21.86942652329749,15.082680138425411,28.566666666666663,32.6,23.23333333333333,25.308333333333337,Madrid,2.0,2.0,1.0
82,2016-11-01,8.610000000000001,4.3,13.8,9.5,102.3,10,27.7,24.1,11.69,1,15.758781362007172,14.92629124953652,62.666666666666664,37.875,23.766666666666662,25.325,Madrid,2.0,2.0,1.0
83,2016-12-01,6.612903225806452,1.6,10.5,8.9,47.199999999999996,7,23.7,25.5,9.151612903225805,1,10.477526881720431,14.836506303299963,75.26666666666667,41.483333333333334,24.433333333333326,26.041666666666668,Madrid,2.0,2.0,2.0
84,2017-01-01,4.16774193548387,-0.9,9.4,10.3,22.5,4,14.2,27.1,14.587096774193547,5,6.463548387096775,14.599678346310716,57.333333333333336,39.425000000000004,25.566666666666663,25.64166666666667,Madrid,2.0,3.0,2.0
85,2017-02-01,7.6499999999999995,3.4,10.7,7.299999999999999,40.199999999999996,9,10.2,38.8,19.139285714285712,10,6.143548387096775,14.68258064516129,36.63333333333333,40.375,30.466666666666658,26.28333333333333,Madrid,2.0,3.0,2.0
86,2017-03-01,10.883870967741935,3.1,16.1,13.000000000000002,29.7,9,6.0,38.0,19.548387096774192,15,7.567204301075269,14.949247311827955,30.8,40.11666666666667,34.633333333333326,27.291666666666668,Madrid,2.0,3.0,2.0
87,2017-04-01,15.21,9.6,19.9,10.299999999999999,34.1,6,12.8,34.1,19.436666666666667,15,11.247956989247314,15.335358422939068,34.66666666666667,36.291666666666664,36.96666666666666,27.900000000000002,Madrid,2.0,2.0,3.0
88,2017-05-01,19.02258064516129,10.7,25.5,14.8,50.6,10,8.9,32.5,18.916129032258063,12,15.038817204301077,15.69019713261649,38.13333333333334,34.99999999999999,34.86666666666667,28.508333333333336,Madrid,2.0,3.0,2.0
89,2017-06-01,25.85,16.9,31.6,14.700000000000003,17.0,5,4.8,36.9,19.44,12,20.027526881720433,15.933808243727599,33.900000000000006,36.13333333333333,34.5,29.308333333333337,Madrid,3.0,3.0,2.0
90,2017-07-01,26.36774193548387,18.6,30.6,12.0,37.800000000000004,2,22.1,29.1,19.580645161290324,13,23.74677419354839,15.831926523297492,35.13333333333335,38.925,32.83333333333333,29.650000000000002,Madrid,3.0,2.0,1.0
91,2017-08-01,26.154838709677417,18.9,31.1,12.200000000000003,49.8,3,35.7,33.5,19.48709677419355,12,26.124193548387098,15.766335125448029,34.866666666666674,43.074999999999996,33.166666666666664,30.566666666666666,Madrid,3.0,3.0,1.0
92,2017-09-01,20.816666666666666,15.4,25.0,9.6,2.5,1,2.4,29.5,17.16,10,24.44641577060932,15.629668458781362,30.033333333333342,42.5,30.7,31.066666666666666,Madrid,2.0,3.0,2.0
93,2017-10-01,17.693548387096776,11.7,22.7,11.0,26.7,2,20.2,23.1,15.025806451612903,5,21.555017921146955,15.753324372759858,26.33333333333334,38.36666666666667,28.7,31.01666666666667,Madrid,2.0,2.0,1.0
94,2017-11-01,8.766666666666667,3.3,13.9,10.600000000000001,19.1,5,11.0,24.8,13.69,4,15.758960573476704,15.766379928315411,16.10000000000001,31.433333333333334,25.799999999999997,31.075000000000003,Madrid,2.0,3.0,1.0
95,2017-12-01,5.370967741935484,1.4,10.1,8.7,26.799999999999997,5,16.9,39.7,18.38064516129032,10,10.610394265232976,15.662885304659497,24.200000000000006,29.733333333333334,29.2,32.25833333333333,Madrid,2.0,3.0,3.0
96,2018-01-01,5.66774193548387,1.8,10.1,8.299999999999999,57.6,6,27.6,29.4,16.47741935483871,7,6.601792114695342,15.787885304659499,34.50000000000001,32.65833333333333,31.3,32.449999999999996,Madrid,1.0,3.0,2.0
97,2018-02-01,5.014285714285714,0.4,9.2,8.799999999999999,53.2,4,26.1,31.4,19.178571428571427,12,5.35099846390169,15.56824244751664,45.866666666666674,33.74166666666667,33.49999999999999,31.833333333333332,Madrid,2.0,2.0,2.0
98,2018-03-01,7.561290322580645,4.0,12.8,8.8,112.9,17,15.8,41.0,26.380645161290325,23,6.081105990783411,15.291360727086534,74.56666666666668,40.675000000000004,33.93333333333333,32.083333333333336,Madrid,2.0,2.0,3.0
99,2018-04-01,12.023333333333333,5.5,19.4,13.899999999999999,65.9,11,22.1,35.6,19.91,13,8.199636456733232,15.025805171530978,77.33333333333333,43.324999999999996,35.99999999999999,32.208333333333336,Madrid,2.0,3.0,2.0
100,2018-05-01,16.225806451612904,9.3,20.2,10.899999999999999,45.5,11,11.6,29.1,17.887096774193548,10,11.936810035842294,14.792740655401944,74.76666666666667,42.900000000000006,35.23333333333333,31.925,Madrid,2.0,3.0,2.0
101,2018-06-01,21.34333333333333,14.5,28.8,14.3,20.0,6,6.3,23.6,18.543333333333333,10,16.530824372759856,14.41718509984639,43.80000000000001,43.150000000000006,29.433333333333326,30.816666666666666,Madrid,2.0,2.0,1.0
102,2018-07-01,25.40967741935484,21.4,27.7,6.300000000000001,2.3,1,2.0,26.6,18.980645161290322,10,20.99293906810036,14.337346390168973,22.600000000000005,40.19166666666667,26.433333333333326,30.608333333333334,Madrid,3.0,3.0,1.0
103,2018-08-01,26.845161290322583,23.4,31.7,8.3,0.6,0,0.3,29.1,19.212903225806453,14,24.532724014336917,14.394873271889402,7.633333333333337,36.09166666666667,26.433333333333326,30.24166666666667,Madrid,3.0,3.0,1.0
104,2018-09-01,23.279999999999998,19.5,27.4,7.899999999999999,15.3,3,8.5,21.5,14.446666666666667,2,25.17827956989247,14.600151049667177,6.066666666666673,37.15833333333334,25.73333333333333,29.575000000000003,Madrid,3.0,3.0,1.0
105,2018-10-01,14.27741935483871,5.2,20.0,14.8,89.0,13,13.5,26.9,17.274193548387096,13,21.46752688172043,14.31547363031234,34.966666666666676,42.35,25.83333333333333,29.891666666666666,Madrid,2.0,2.0,1.0
106,2018-11-01,9.096666666666666,4.6,12.9,8.3,63.1,13,15.8,34.9,16.583333333333332,10,15.551362007168459,14.342973630312342,55.80000000000001,46.01666666666667,27.766666666666662,30.73333333333333,Madrid,2.0,2.0,2.0
107,2018-12-01,6.009677419354839,2.8,8.3,5.500000000000001,12.9,3,5.7,27.4,12.03225806451613,3,9.794587813620073,14.396199436763952,55.00000000000001,44.85833333333334,29.73333333333333,29.708333333333332,Madrid,1.0,3.0,2.0
108,2019-01-01,4.335483870967742,1.1,10.5,9.4,15.2,4,4.7,37.1,16.22258064516129,10,6.480609318996417,14.285177931387608,30.400000000000006,41.325,33.133333333333326,30.349999999999998,Madrid,2.0,3.0,3.0
109,2019-02-01,7.889285714285714,3.0,12.1,9.1,7.7,1,7.4,38.3,13.471428571428572,3,6.0781490015361,14.524761264720942,11.933333333333337,37.53333333333334,34.26666666666666,30.924999999999997,Madrid,2.0,3.0,2.0
110,2019-03-01,11.474193548387097,7.4,14.6,7.199999999999999,11.0,2,8.6,37.8,19.019354838709678,15,7.899654377880186,14.850836533538144,11.300000000000006,29.041666666666668,37.73333333333333,30.658333333333335,Madrid,2.0,3.0,2.0
111,2019-04-01,11.333333333333334,6.0,17.8,11.8,87.5,13,22.2,36.9,20.55666666666667,15,10.232270865335382,14.793336533538145,35.400000000000006,30.84166666666667,37.666666666666664,30.766666666666666,Madrid,2.0,1.0,2.0
112,2019-05-01,18.029032258064515,13.6,23.6,10.000000000000002,3.1999999999999997,0,0.8,39.2,22.05806451612903,17,13.612186379928318,14.943605350742446,33.900000000000006,27.316666666666666,37.96666666666666,31.60833333333333,Madrid,2.0,3.0,3.0
113,2019-06-01,23.396666666666665,16.7,31.8,15.100000000000001,0.7,0,0.5,30.3,20.483333333333334,15,17.58634408602151,15.114716461853556,30.466666666666672,25.708333333333332,35.46666666666666,32.166666666666664,Madrid,3.0,3.0,1.0
114,2019-07-01,27.683870967741935,22.8,31.2,8.399999999999999,0.4,0,0.1,27.8,20.425806451612903,17,23.03652329749104,15.304232590885816,1.433333333333338,25.55,32.43333333333333,32.266666666666666,Madrid,3.0,3.0,1.0
115,2019-08-01,25.687096774193545,20.7,29.1,8.400000000000002,12.6,1,11.0,28.8,17.725806451612904,10,25.58921146953405,15.207727214541729,4.566666666666671,26.55,28.966666666666665,32.24166666666667,Madrid,3.0,3.0,1.0
116,2019-09-01,20.096666666666668,16.3,26.4,10.099999999999998,73.3,8,19.6,31.3,18.366666666666667,13,24.48921146953405,14.942449436763951,28.76666666666667,31.383333333333336,29.299999999999997,33.05833333333333,Madrid,2.0,3.0,2.0
117,2019-10-01,15.693548387096774,8.7,21.2,12.5,34.099999999999994,5,11.2,31.1,15.661290322580646,8,20.492437275985665,15.060460189452122,40.0,26.808333333333334,30.399999999999995,33.40833333333333,Madrid,2.0,3.0,2.0
118,2019-11-01,9.110000000000001,4.2,16.2,12.0,41.0,10,10.3,34.8,22.813333333333333,21,14.966738351254483,15.061571300563235,49.46666666666667,24.96666666666667,32.4,33.4,Madrid,2.0,3.0,2.0
119,2019-12-01,7.4,3.8,12.6,8.8,86.39999999999999,9,30.4,45.3,18.906451612903226,10,10.73451612903226,15.177431515617,53.833333333333336,31.091666666666665,37.066666666666656,34.891666666666666,Madrid,2.0,3.0,3.0
120,2020-01-01,5.300000000000001,0.6,10.9,10.3,29.6,5,12.4,34.7,16.061290322580646,8,7.270000000000003,15.25780785970302,52.333333333333336,32.291666666666664,38.26666666666666,34.69166666666667,Madrid,1.0,3.0,2.0
121,2020-02-01,9.39310344827586,6.1,12.5,6.4,2.5,2,1.1,33.4,13.817241379310344,3,7.364367816091956,15.383126004202198,39.5,31.858333333333334,37.79999999999999,34.28333333333333,Madrid,2.0,3.0,1.0
122,2020-03-01,10.490322580645161,5.1,17.4,12.299999999999999,72.8,11,27.4,41.4,20.541935483870965,14,8.394475342973676,15.301136756890372,34.966666666666676,37.00833333333333,36.49999999999999,34.583333333333336,Madrid,2.0,2.0,3.0
123,2020-04-01,12.636666666666667,8.3,15.6,7.299999999999999,104.1,18,20.5,30.9,15.776666666666667,8,10.84003089852923,15.409747868001482,59.800000000000004,38.391666666666666,35.23333333333333,34.083333333333336,Madrid,2.0,1.0,2.0
124,2020-05-01,18.929032258064513,12.1,24.6,12.500000000000002,40.6,10,13.1,33.9,17.90967741935484,9,14.01867383512545,15.484747868001483,72.5,41.50833333333333,35.39999999999999,33.641666666666666,Madrid,2.0,2.0,2.0
125,2020-06-01,22.21333333333333,15.3,29.2,13.899999999999999,15.8,3,6.0,33.2,19.78666666666667,11,17.926344086021505,15.386136756890373,53.50000000000001,42.76666666666666,32.666666666666664,33.88333333333333,Madrid,2.0,3.0,1.0
126,2020-07-01,28.34193548387097,24.3,31.6,7.300000000000001,1.3000000000000003,1,1.1,34.3,21.03548387096774,17,23.161433691756272,15.440975466567792,19.233333333333345,42.84166666666667,33.8,34.425000000000004,Madrid,3.0,3.0,2.0
127,2020-08-01,25.51290322580645,17.4,31.2,13.8,22.1,1,21.3,28.2,18.164516129032258,10,25.356057347670255,15.426459337535533,13.066666666666677,43.633333333333326,31.899999999999995,34.375,Madrid,3.0,3.0,1.0
128,2020-09-01,20.256666666666668,14.0,25.3,11.3,34.3,4,13.2,28.5,17.663333333333334,7,24.703835125448034,15.439792670868867,19.233333333333345,40.38333333333333,30.33333333333333,34.141666666666666,Madrid,2.0,2.0,1.0
129,2020-10-01,13.14516129032258,8.8,18.2,9.399999999999999,51.4,7,23.9,39.4,17.793548387096774,10,19.638243727598567,15.227427079471019,35.933333333333344,41.824999999999996,32.033333333333324,34.833333333333336,Madrid,2.0,3.0,2.0
130,2020-11-01,9.853333333333333,5.7,14.1,8.399999999999999,94.2,10,20.7,23.5,12.639999999999999,5,14.418387096774195,15.289371523915461,59.966666666666676,46.25833333333333,30.466666666666658,33.891666666666666,Madrid,2.0,2.0,1.0
131,2020-12-01,6.174193548387097,1.6,12.5,10.9,41.2,11,10.2,34.4,18.970967741935485,16,9.724229390681005,15.187220986281053,62.26666666666667,42.49166666666667,32.43333333333333,32.983333333333334,Madrid,2.0,3.0,2.0
132,2010-01-01,1.3548387096774193,-3.0,6.6,9.6,45.9,12,9.4,29.6,18.164516129032258,11,1.3548387096774193,1.3548387096774193,45.9,45.9,29.6,29.6,London,1.0,3.0,2.0
133,2010-02-01,3.1464285714285714,0.2,7.2,7.0,77.2,13,11.4,38.3,20.292857142857144,13,2.250633640552995,2.250633640552995,61.55,61.55,33.95,33.95,London,1.0,2.0,2.0
134,2010-03-01,6.154838709677419,-0.3,11.2,11.5,42.0,9,8.1,31.6,20.89032258064516,19,3.5520353302611363,3.5520353302611363,55.03333333333334,55.03333333333334,33.166666666666664,33.166666666666664,London,1.0,3.0,3.0
135,2010-04-01,9.120000000000001,5.0,13.8,8.8,21.9,7,6.3,29.9,17.759999999999998,11,6.14042242703533,4.944026497695853,47.03333333333333,46.75,33.26666666666667,32.35,London,1.0,3.0,3.0
136,2010-05-01,11.103225806451613,6.4,18.9,12.499999999999998,33.4,6,10.7,30.9,17.306451612903224,7,8.792688172043011,6.175866359447005,32.43333333333334,44.08,30.8,32.06,London,1.0,2.0,2.0
137,2010-06-01,16.153333333333332,11.7,21.2,9.5,36.7,10,11.4,26.0,15.889999999999999,6,12.125519713261648,7.838777521761393,30.66666666666667,42.85,28.933333333333334,31.05,London,1.0,3.0,2.0
138,2010-07-01,18.629032258064516,16.4,21.3,4.900000000000002,24.0,9,5.7,34.8,18.783870967741933,10,15.295197132616487,9.380242484090411,31.366666666666674,40.15714285714286,30.566666666666663,31.585714285714285,London,1.0,2.0,3.0
139,2010-08-01,16.241935483870968,12.3,19.8,7.5,116.89999999999999,13,27.5,32.5,19.932258064516127,12,17.00810035842294,10.23795410906298,59.20000000000001,49.75,31.099999999999998,31.7,London,1.0,1.0,3.0
140,2010-09-01,13.983333333333333,9.9,16.9,6.999999999999998,38.4,7,10.2,31.9,19.123333333333335,14,16.284767025089607,10.654107356204129,59.76666666666667,48.48888888888889,33.06666666666666,31.72222222222222,London,1.0,2.0,3.0
141,2010-10-01,10.858064516129033,4.5,15.5,11.0,68.4,13,15.6,31.1,20.383870967741935,13,13.694444444444445,10.67450307219662,74.56666666666668,50.480000000000004,31.833333333333332,31.660000000000004,London,1.0,2.0,2.0
142,2010-11-01,5.786666666666666,-2.5,14.9,17.4,53.5,10,13.4,39.8,21.19,14,10.209354838709677,10.230154308057534,53.43333333333334,50.75454545454545,34.266666666666666,32.4,London,1.0,2.0,3.0
143,2010-12-01,-0.06129032258064512,-6.3,5.4,11.7,29.4,7,5.9,29.9,17.529032258064515,9,5.527813620071686,9.37253392217102,50.43333333333334,48.975,33.6,32.19166666666667,London,1.0,3.0,3.0
144,2011-01-01,4.348387096774194,-0.2,11.3,11.5,73.8,10,16.2,33.7,20.393548387096775,16,3.357921146953405,9.621996287762416,52.23333333333333,51.300000000000004,34.46666666666667,32.53333333333333,London,1.0,2.0,3.0
145,2011-02-01,6.653571428571429,2.2,10.8,8.600000000000001,39.7,10,6.7,42.9,22.37857142857143,12,3.6468894009216597,9.91425819252432,47.633333333333326,48.175000000000004,35.5,32.916666666666664,London,2.0,2.0,3.0
146,2011-03-01,6.564516129032258,2.1,12.4,10.3,9.9,3,5.0,37.8,16.92258064516129,6,5.855491551459294,9.948397977470558,41.13333333333333,45.5,38.13333333333333,33.43333333333333,London,1.0,3.0,3.0
147,2011-04-01,12.3,7.2,17.7,10.5,3.3,1,1.4,27.9,17.27,12,8.506029185867897,10.213397977470558,17.633333333333336,43.949999999999996,36.199999999999996,33.266666666666666,London,1.0,3.0,3.0
148,2011-05-01,13.399999999999999,9.4,17.9,8.499999999999998,17.8,3,6.9,39.1,22.287096774193547,20,10.75483870967742,10.404795826932924,10.333333333333334,42.65,34.93333333333333,33.949999999999996,London,1.0,3.0,3.0
149,2011-06-01,15.020000000000001,11.4,22.9,11.499999999999998,75.2,13,10.2,30.3,20.886666666666667,16,13.573333333333332,10.310351382488479,32.1,45.85833333333334,32.43333333333333,34.30833333333333,London,1.0,1.0,2.0
150,2011-07-01,15.829032258064515,14.3,18.1,3.8000000000000007,47.5,11,8.2,30.9,17.183870967741935,11,14.749677419354839,10.077018049155145,46.833333333333336,47.81666666666667,33.43333333333334,33.98333333333333,London,1.0,1.0,3.0
151,2011-08-01,16.416129032258063,13.3,21.6,8.3,74.5,8,25.7,29.8,17.822580645161292,8,15.755053763440861,10.091534178187404,65.73333333333333,44.28333333333333,30.333333333333332,33.75833333333333,London,1.0,1.0,3.0
152,2011-09-01,15.573333333333332,11.8,18.8,7.0,29.3,5,8.0,38.4,20.75,14,15.939498207885302,10.224034178187404,50.43333333333334,43.525000000000006,33.03333333333333,34.3,London,1.0,1.0,3.0
153,2011-10-01,13.170967741935485,6.8,18.4,11.599999999999998,18.0,7,3.2,36.3,21.248387096774195,18,15.05347670250896,10.416776113671276,40.6,39.325,34.833333333333336,34.733333333333334,London,1.0,3.0,3.0
154,2011-11-01,10.173333333333334,6.2,14.6,8.399999999999999,23.799999999999997,4,12.6,36.6,20.153333333333332,12,12.972544802867384,10.78233166922683,23.7,36.85,37.1,34.46666666666667,London,2.0,3.0,3.0
155,2011-12-01,6.103225806451612,0.5,10.8,10.3,60.4,14,8.4,43.2,26.061290322580643,25,9.81584229390681,11.296041346646186,34.06666666666667,39.43333333333334,38.7,35.574999999999996,London,2.0,2.0,3.0
156,2012-01-01,5.593548387096774,-0.5,10.7,11.2,40.1,6,11.5,46.2,22.112903225806452,16,7.290035842293906,11.399804787506403,41.43333333333334,36.62500000000001,42.00000000000001,36.61666666666667,London,2.0,2.0,3.0
157,2012-02-01,3.6862068965517243,-2.6,11.3,13.9,18.1,6,5.7,37.2,18.78965517241379,13,5.1276603633667035,11.152524409838092,39.53333333333334,34.825,42.2,36.14166666666667,London,1.0,2.0,3.0
158,2012-03-01,7.929032258064517,4.9,11.0,6.1,24.2,4,13.0,35.3,15.845161290322581,7,5.736262513904339,11.266234087257446,27.46666666666667,36.01666666666667,39.56666666666667,35.93333333333333,London,1.0,2.0,3.0
159,2012-04-01,7.76,5.1,12.2,7.1,108.0,19,17.4,35.8,21.87,16,6.458413051538746,10.887900753924113,50.1,44.741666666666674,36.1,36.59166666666667,London,1.0,1.0,3.0
160,2012-05-01,12.651612903225805,6.8,18.7,11.899999999999999,74.5,10,19.6,31.3,19.10967741935484,14,9.446881720430108,10.825535162526265,68.9,49.466666666666676,34.13333333333333,35.94166666666667,London,1.0,2.0,3.0
161,2012-06-01,14.32,10.6,19.8,9.200000000000001,132.6,19,32.9,39.2,23.626666666666665,19,11.57720430107527,10.76720182919293,105.03333333333335,54.25,35.43333333333333,36.68333333333333,London,1.0,1.0,3.0
162,2012-07-01,16.07741935483871,13.5,21.1,7.600000000000001,105.6,15,25.5,32.4,18.0258064516129,10,14.349677419354839,10.787900753924113,104.23333333333333,59.09166666666667,34.300000000000004,36.80833333333333,London,1.0,1.0,3.0
163,2012-08-01,17.44516129032258,12.5,22.7,10.2,54.1,12,6.5,28.7,18.948387096774194,14,15.94752688172043,10.873653442096156,97.43333333333334,57.39166666666667,33.43333333333333,36.71666666666667,London,1.0,1.0,3.0
164,2012-09-01,13.823333333333332,10.7,17.7,7.0,42.9,4,25.5,32.3,19.266666666666666,13,15.781971326164873,10.727820108762822,67.53333333333335,58.525000000000006,31.13333333333333,36.208333333333336,London,1.0,2.0,2.0
165,2012-10-01,10.529032258064515,4.4,14.0,9.6,82.8,17,12.4,37.6,20.61935483870968,16,13.932508960573477,10.507658818440241,59.93333333333334,63.925000000000004,32.86666666666667,36.31666666666667,London,1.0,1.0,3.0
166,2012-11-01,6.916666666666667,-0.2,11.6,11.799999999999999,91.3,13,13.6,43.2,21.916666666666668,17,10.423010752688171,10.236269929551353,72.33333333333334,69.55,37.699999999999996,36.86666666666667,London,1.0,3.0,3.0
167,2012-12-01,5.077419354838709,-1.2,10.9,12.1,85.8,16,14.3,40.0,24.33225806451613,20,7.507706093189964,10.150786058583611,86.63333333333334,71.66666666666667,40.266666666666666,36.6,London,1.0,1.0,3.0
168,2013-01-01,3.661290322580645,-2.3,10.9,13.2,44.9,13,5.0,40.4,20.26451612903226,13,5.218458781362007,9.989764553207268,74.0,72.06666666666666,41.199999999999996,36.11666666666667,London,1.0,2.0,3.0
169,2013-02-01,2.725,0.2,7.8,7.6,34.9,6,12.3,31.9,20.835714285714285,18,3.8212365591397845,9.909663978494624,55.20000000000001,73.46666666666665,37.43333333333333,35.675,London,1.0,2.0,3.0
170,2013-03-01,2.9193548387096775,-0.2,8.5,8.7,57.7,10,8.7,36.8,20.032258064516128,13,3.1018817204301072,9.492190860215054,45.83333333333334,76.25833333333334,36.36666666666666,35.800000000000004,London,1.0,3.0,3.0
171,2013-04-01,7.496666666666667,1.8,14.2,12.399999999999999,40.4,10,8.1,41.4,22.94,18,4.380340501792115,9.470246415770609,44.33333333333334,70.625,36.699999999999996,36.266666666666666,London,1.0,2.0,3.0
172,2013-05-01,10.919354838709678,7.1,14.6,7.5,54.199999999999996,10,11.6,41.6,20.629032258064516,13,7.111792114695341,9.325891577060931,50.76666666666667,68.93333333333334,39.93333333333333,37.125,London,1.0,2.0,3.0
173,2013-06-01,14.406666666666666,11.9,19.0,7.1,19.8,8,3.0,36.0,20.363333333333333,15,10.94089605734767,9.333113799283153,38.13333333333334,59.53333333333333,39.666666666666664,36.858333333333334,London,1.0,2.0,3.0
174,2013-07-01,19.325806451612905,14.5,24.0,9.5,47.4,9,25.4,25.4,16.241935483870968,8,14.88394265232975,9.603812724014336,40.466666666666676,54.68333333333334,34.333333333333336,36.275,London,1.0,2.0,2.0
175,2013-08-01,17.73225806451613,15.3,22.9,7.599999999999998,54.6,7,19.2,32.6,17.83225806451613,9,17.154910394265233,9.627737455197133,40.600000000000016,54.724999999999994,31.333333333333332,36.6,London,1.0,1.0,3.0
176,2013-09-01,14.293333333333333,11.1,20.4,9.299999999999999,51.1,11,14.4,31.9,16.796666666666667,7,17.117132616487456,9.6669041218638,51.03333333333334,55.40833333333333,29.966666666666665,36.56666666666667,London,1.0,2.0,2.0
177,2013-10-01,12.916129032258064,8.9,17.2,8.299999999999999,91.4,18,18.1,46.5,24.312903225806455,21,14.98057347670251,9.865828853046596,65.7,56.125,37.0,37.30833333333333,London,1.0,2.0,3.0
178,2013-11-01,6.51,2.4,11.9,9.5,53.2,12,9.3,35.8,20.95,15,11.239820788530466,9.831939964157707,65.23333333333335,52.95000000000001,38.06666666666666,36.69166666666667,London,1.0,2.0,3.0
179,2013-12-01,6.316129032258065,2.6,11.2,8.6,85.6,14,16.8,53.6,26.69677419354839,18,8.580752688172042,9.935165770609318,76.73333333333333,52.93333333333334,45.29999999999999,37.824999999999996,London,2.0,2.0,3.0
180,2014-01-01,6.151612903225806,3.4,10.6,7.199999999999999,109.39999999999999,20,17.9,43.8,26.361290322580647,23,6.325913978494623,10.14269265232975,82.73333333333333,58.30833333333334,44.4,38.108333333333334,London,1.0,1.0,3.0
181,2014-02-01,6.514285714285714,4.3,9.6,5.3,99.4,17,11.6,52.5,31.353571428571428,23,6.327342549923195,10.45846646185356,98.13333333333334,63.68333333333334,49.96666666666667,39.824999999999996,London,2.0,1.0,3.0
182,2014-03-01,7.754838709677419,3.9,12.6,8.7,28.8,8,8.7,34.8,19.580645161290324,13,6.806912442396313,10.86142345110087,79.2,61.275000000000006,43.699999999999996,39.65833333333333,London,1.0,2.0,3.0
183,2014-04-01,10.806666666666667,7.0,13.0,6.0,63.800000000000004,12,11.9,30.8,18.096666666666668,11,8.358597030209934,11.137256784434205,64.00000000000001,63.225,39.36666666666667,38.775,London,1.0,2.0,3.0
184,2014-05-01,12.687096774193549,8.2,18.4,10.2,77.6,15,12.8,36.2,18.66774193548387,11,10.416200716845879,11.284568612391192,56.73333333333335,65.175,33.93333333333333,38.324999999999996,London,1.0,1.0,3.0
185,2014-06-01,16.003333333333334,12.4,19.1,6.700000000000001,31.5,9,6.8,24.1,15.493333333333334,4,13.165698924731183,11.41762416794675,57.63333333333335,66.15,30.366666666666664,37.333333333333336,London,1.0,2.0,1.0
186,2014-07-01,18.929032258064513,15.5,23.0,7.5,50.8,10,11.8,28.6,16.993548387096773,7,15.873154121863799,11.384559651817717,53.30000000000001,66.43333333333334,29.633333333333336,37.6,London,1.0,2.0,3.0
187,2014-08-01,15.941935483870967,12.9,19.7,6.799999999999999,96.60000000000001,9,20.6,34.0,19.9741935483871,13,16.95810035842294,11.23536610343062,59.63333333333335,69.93333333333334,28.900000000000002,37.71666666666666,London,1.0,1.0,3.0
188,2014-09-01,15.85,12.4,18.8,6.4,13.1,4,7.0,20.7,13.596666666666666,3,16.906989247311827,11.365088325652842,53.50000000000001,66.76666666666667,27.766666666666666,36.78333333333333,London,1.0,3.0,1.0
189,2014-10-01,13.338709677419354,9.8,17.6,7.800000000000001,76.1,14,17.3,38.5,21.729032258064517,18,15.043548387096772,11.40030337941628,61.93333333333334,65.49166666666667,31.066666666666663,36.11666666666667,London,1.0,2.0,3.0
190,2014-11-01,9.046666666666665,2.9,14.8,11.9,98.2,18,16.4,32.3,18.96333333333333,12,12.745125448028674,11.611692268305172,62.466666666666676,69.24166666666666,30.5,35.824999999999996,London,1.0,1.0,3.0
191,2014-12-01,5.190322580645161,-0.5,11.5,12.0,36.699999999999996,6,10.5,41.9,24.503225806451614,22,9.19189964157706,11.517875064004096,70.33333333333334,65.16666666666667,37.56666666666666,34.85,London,1.0,3.0,3.0
192,2015-01-01,4.622580645161291,0.4,11.1,10.7,66.3,13,13.0,45.9,25.80322580645161,20,6.28652329749104,11.390455709165387,67.06666666666668,61.574999999999996,40.03333333333333,35.025,London,2.0,2.0,3.0
193,2015-02-01,3.8642857142857143,-1.1,8.2,9.299999999999999,44.7,10,8.1,34.2,20.696428571428573,12,4.559062980030722,11.169622375832054,49.23333333333334,57.01666666666667,40.666666666666664,33.5,London,1.0,2.0,3.0
194,2015-03-01,6.45483870967742,4.2,10.1,5.8999999999999995,21.4,7,6.1,42.6,22.583870967741937,17,4.980568356374809,11.06128904249872,44.13333333333335,56.400000000000006,40.9,34.15,London,1.0,3.0,3.0
195,2015-04-01,9.31,6.7,14.4,7.7,24.6,7,5.4,29.6,18.846666666666668,12,6.543041474654378,10.936566820276497,30.233333333333338,53.13333333333333,35.46666666666667,34.050000000000004,London,1.0,2.0,2.0
196,2015-05-01,11.858064516129033,7.8,15.3,7.500000000000001,53.2,13,12.0,44.3,22.980645161290322,19,9.207634408602152,10.86748079877112,33.06666666666667,51.099999999999994,38.833333333333336,34.725,London,1.0,1.0,3.0
197,2015-06-01,15.386666666666665,10.9,19.9,8.999999999999998,27.0,8,6.3,40.2,19.766666666666666,13,12.184910394265232,10.816091909882232,34.93333333333334,50.725,38.03333333333333,36.06666666666666,London,1.0,2.0,3.0
198,2015-07-01,17.419354838709676,13.7,25.9,12.2,74.60000000000001,13,24.1,30.0,21.067741935483873,19,14.888028673835125,10.69028545826933,51.6,52.708333333333336,38.166666666666664,36.18333333333334,London,1.0,1.0,2.0
199,2015-08-01,17.003225806451614,14.5,21.0,6.5,107.0,14,22.8,33.3,18.44193548387097,11,16.603082437275987,10.778726318484383,69.53333333333335,53.574999999999996,34.5,36.125,London,1.0,1.0,3.0
200,2015-09-01,13.433333333333334,11.3,16.2,4.899999999999999,59.0,12,14.7,29.1,17.363333333333333,8,15.951971326164875,10.577337429595493,80.2,57.4,30.799999999999997,36.825,London,1.0,2.0,2.0
201,2015-10-01,11.541935483870969,7.3,15.5,8.2,51.199999999999996,8,12.9,28.5,17.62258064516129,11,13.99283154121864,10.427606246799796,72.39999999999999,55.32500000000001,30.299999999999997,35.99166666666667,London,1.0,1.0,3.0
202,2015-11-01,10.05,1.2,14.4,13.200000000000001,55.0,12,8.0,45.9,26.866666666666667,23,11.675089605734769,10.511217357910907,55.06666666666667,51.725,34.5,37.125,London,1.0,2.0,3.0
203,2015-12-01,10.62258064516129,7.7,13.6,5.8999999999999995,53.6,13,7.5,41.1,29.083870967741937,29,10.738172043010755,10.963905529953918,53.26666666666667,53.13333333333335,38.5,37.05833333333333,London,2.0,2.0,3.0
204,2016-01-01,5.625806451612903,-0.7,10.8,11.5,72.4,17,11.3,38.1,24.9741935483871,20,8.766129032258066,11.04750768049155,60.33333333333334,53.64166666666667,41.699999999999996,36.40833333333333,London,1.0,2.0,3.0
205,2016-02-01,5.106896551724137,0.9,11.2,10.299999999999999,34.4,8,7.7,49.8,25.220689655172414,20,7.118427882832777,11.151058583611421,53.466666666666676,52.78333333333334,43.0,37.708333333333336,London,1.0,2.0,3.0
206,2016-03-01,5.712903225806452,1.6,9.2,7.6,63.8,12,14.6,48.0,21.93548387096774,17,5.481868743047831,11.089230626622173,56.866666666666674,56.31666666666666,45.300000000000004,38.15833333333333,London,1.0,2.0,3.0
207,2016-04-01,7.8566666666666665,4.9,10.7,5.799999999999999,53.6,15,12.5,32.1,19.166666666666668,15,6.225488814732419,10.968119515511061,50.6,58.73333333333334,43.29999999999999,38.36666666666667,London,1.0,2.0,3.0
208,2016-05-01,13.009677419354839,8.5,17.9,9.399999999999999,48.0,9,11.6,31.7,19.138709677419353,12,8.859749103942653,11.064087257446547,55.13333333333333,58.300000000000004,37.266666666666666,37.31666666666667,London,1.0,3.0,3.0
209,2016-06-01,15.55,11.6,18.9,7.299999999999999,112.5,16,22.0,32.8,17.416666666666668,10,12.138781362007167,11.077698368557657,71.36666666666667,65.425,32.199999999999996,36.7,London,1.0,1.0,3.0
210,2016-07-01,17.98709677419355,14.3,23.6,9.3,22.6,7,6.3,31.0,18.429032258064513,11,15.515591397849462,11.125010196514646,61.03333333333333,61.09166666666667,31.833333333333332,36.78333333333333,London,1.0,1.0,3.0
211,2016-08-01,18.274193548387096,14.8,23.8,9.0,44.699999999999996,8,12.7,36.3,18.68064516129032,13,17.27043010752688,11.230924175009271,59.93333333333334,55.9,33.36666666666667,37.03333333333333,London,1.0,1.0,3.0
212,2016-09-01,17.336666666666666,13.2,23.3,10.100000000000001,37.9,7,16.6,29.4,18.883333333333333,14,17.865985663082437,11.556201952787047,35.06666666666667,54.14166666666667,32.23333333333333,37.05833333333333,London,1.0,1.0,3.0
213,2016-10-01,11.329032258064515,9.1,13.8,4.700000000000001,18.6,4,7.5,28.0,17.47741935483871,9,15.646630824372759,11.538460017303175,33.73333333333334,51.42500000000001,31.23333333333333,37.016666666666666,London,1.0,3.0,3.0
214,2016-11-01,6.586666666666667,-0.6,12.7,13.299999999999999,65.1,9,15.8,33.7,20.75,15,11.750788530465952,11.249848906192064,40.53333333333334,52.26666666666667,30.366666666666664,36.0,London,1.0,3.0,3.0
215,2016-12-01,6.300000000000001,1.1,11.3,10.200000000000001,8.9,2,5.4,35.3,16.53548387096774,8,8.071899641577062,10.889633852428624,30.866666666666674,48.541666666666664,32.333333333333336,35.516666666666666,London,1.0,3.0,3.0
216,2017-01-01,2.9387096774193546,-1.2,7.6,8.799999999999999,68.10000000000001,12,17.8,34.1,17.84193548387097,7,5.275125448028676,10.665709121245829,47.366666666666674,48.18333333333334,34.36666666666667,35.18333333333334,London,1.0,2.0,3.0
217,2017-02-01,6.603571428571429,1.4,11.7,10.299999999999999,43.3,13,10.7,53.4,24.146428571428572,15,5.2807603686635955,10.79043202764977,40.10000000000001,48.925000000000004,40.93333333333333,35.483333333333334,London,1.0,2.0,3.0
218,2017-03-01,9.235483870967743,6.2,14.5,8.3,40.9,8,6.9,41.1,25.490322580645163,22,6.2592549923195095,11.083980414746543,50.76666666666667,47.01666666666666,42.86666666666667,34.90833333333333,London,1.0,2.0,3.0
219,2017-04-01,9.71,5.6,13.6,8.0,12.7,4,2.7,26.2,18.19,12,8.51635176651306,11.238424859190987,32.300000000000004,43.60833333333334,40.233333333333334,34.416666666666664,London,1.0,3.0,1.0
220,2017-05-01,13.870967741935484,9.1,18.9,9.799999999999999,73.6,12,25.5,33.2,20.603225806451615,16,10.93881720430108,11.310199052739376,42.4,45.74166666666667,33.5,34.541666666666664,London,1.0,1.0,3.0
221,2017-06-01,17.623333333333335,12.8,23.8,11.0,63.800000000000004,10,19.5,41.9,22.59,15,13.734767025089608,11.482976830517153,50.03333333333334,41.68333333333333,33.766666666666666,35.3,London,1.0,1.0,3.0
222,2017-07-01,17.961290322580645,15.0,21.7,6.699999999999999,73.8,17,12.8,33.1,21.548387096774192,18,16.485197132616488,11.480826292882744,70.39999999999999,45.95000000000001,36.06666666666666,35.475,London,1.0,1.0,3.0
223,2017-08-01,16.661290322580644,13.3,20.0,6.699999999999999,63.6,12,14.2,39.8,20.4,15,17.415304659498208,11.346417690732208,67.06666666666668,47.525,38.26666666666666,35.766666666666666,London,1.0,1.0,3.0
224,2017-09-01,14.236666666666668,10.7,17.8,7.100000000000001,68.4,19,10.2,42.7,20.9,14,16.28641577060932,11.088084357398875,68.60000000000001,50.06666666666666,38.53333333333333,36.875,London,1.0,1.0,3.0
225,2017-10-01,13.125806451612902,6.3,17.2,10.899999999999999,23.8,5,8.0,42.0,24.574193548387097,22,14.674587813620073,11.237815540194573,51.93333333333334,50.5,41.5,38.041666666666664,London,1.0,3.0,3.0
226,2017-11-01,7.236666666666666,1.0,13.8,12.8,37.0,9,8.2,44.1,19.94,13,11.53304659498208,11.29198220686124,43.06666666666666,48.15833333333334,42.93333333333334,38.90833333333334,London,1.0,2.0,3.0
227,2017-12-01,5.212903225806452,-0.8,10.8,11.600000000000001,90.8,12,22.4,39.4,23.60967741935484,18,8.525125448028675,11.201390809011777,50.53333333333333,54.98333333333333,41.833333333333336,39.25,London,1.0,1.0,2.0
228,2018-01-01,5.974193548387096,2.6,10.8,8.200000000000001,58.1,11,9.3,49.4,27.293548387096774,22,6.141254480286739,11.454347798259091,61.96666666666667,54.15,44.29999999999999,40.525,London,2.0,2.0,3.0
229,2018-02-01,2.8285714285714287,-3.2,7.8,11.0,33.1,7,6.1,32.1,23.435714285714287,20,4.67188940092166,11.139764464925756,60.666666666666664,53.300000000000004,40.300000000000004,38.75,London,1.0,3.0,3.0
230,2018-03-01,5.47741935483871,-2.0,10.5,12.5,97.8,22,11.2,37.6,24.17096774193548,23,4.760061443932413,10.826592421915002,63.0,58.041666666666664,39.699999999999996,38.458333333333336,London,1.0,3.0,2.0
231,2018-04-01,10.75,5.6,17.5,11.9,69.8,15,12.1,39.0,22.236666666666668,17,6.3519969278033805,10.91325908858167,66.89999999999999,62.800000000000004,36.23333333333333,39.525,London,1.0,2.0,3.0
232,2018-05-01,14.041935483870969,8.3,19.2,10.899999999999999,61.6,11,16.3,32.7,18.61935483870968,12,10.089784946236561,10.927506400409627,76.39999999999999,61.79999999999999,36.43333333333333,39.483333333333334,London,1.0,1.0,3.0
233,2018-06-01,17.053333333333335,14.5,20.3,5.800000000000001,11.6,3,4.6,35.7,19.18,11,13.948422939068102,10.880006400409627,47.666666666666664,57.449999999999996,35.8,38.96666666666667,London,1.0,3.0,3.0
234,2018-07-01,21.07741935483871,17.8,25.5,7.699999999999999,34.7,6,6.7,44.1,19.006451612903227,11,17.39089605734767,11.139683819764464,35.96666666666667,54.19166666666667,37.5,39.88333333333333,London,1.0,2.0,3.0
235,2018-08-01,18.25483870967742,13.3,24.5,11.2,61.1,10,12.9,32.0,19.603225806451615,12,18.79519713261649,11.272479518689195,35.800000000000004,53.98333333333334,37.26666666666666,39.233333333333334,London,1.0,2.0,3.0
236,2018-09-01,14.703333333333331,9.7,19.2,9.5,34.9,7,13.3,43.3,21.396666666666665,14,18.01186379928315,11.311368407578085,43.56666666666667,51.19166666666667,39.800000000000004,39.28333333333333,London,1.0,2.0,3.0
237,2018-10-01,11.561290322580644,4.9,20.7,15.799999999999999,35.1,6,16.3,37.4,20.774193548387096,17,14.839820788530465,11.180992063492063,43.699999999999996,52.13333333333333,37.56666666666666,38.9,London,1.0,3.0,3.0
238,2018-11-01,8.5,0.7,12.3,11.600000000000001,52.2,11,7.4,43.3,23.276666666666664,20,11.58820788530466,11.286269841269842,40.733333333333334,53.4,41.33333333333333,38.833333333333336,London,1.0,3.0,3.0
239,2018-12-01,7.180645161290323,1.4,12.9,11.5,65.3,13,10.4,39.3,21.858064516129033,18,9.080645161290322,11.450248335893498,50.866666666666674,51.275000000000006,39.99999999999999,38.824999999999996,London,2.0,2.0,3.0
240,2019-01-01,3.6580645161290324,-0.7,9.5,10.2,27.0,9,9.5,36.7,19.870967741935484,15,6.446236559139787,11.257237583205326,48.166666666666664,48.68333333333334,39.766666666666666,37.76666666666667,London,1.0,2.0,2.0
241,2019-02-01,6.682142857142857,0.9,9.3,8.4,58.1,9,14.9,42.2,22.557142857142857,17,5.840284178187406,11.578368535586279,50.13333333333333,50.76666666666667,39.4,38.608333333333334,London,1.0,2.0,3.0
242,2019-03-01,8.561290322580644,6.1,11.5,5.4,49.0,11,7.8,53.7,27.261290322580646,18,6.3004992319508455,11.835357782898106,44.699999999999996,46.70000000000001,44.20000000000001,39.949999999999996,London,1.0,2.0,3.0
243,2019-04-01,9.3,3.2,14.6,11.399999999999999,38.4,11,6.7,41.8,20.053333333333335,14,8.181144393241167,11.71452444956477,48.5,44.083333333333336,45.9,40.18333333333333,London,1.0,3.0,3.0
244,2019-05-01,12.216129032258063,7.4,17.6,10.200000000000001,46.6,11,12.6,30.5,18.919354838709676,9,10.025806451612903,11.562373911930363,44.666666666666664,42.83333333333334,42.0,40.0,London,1.0,2.0,2.0
245,2019-06-01,15.803333333333335,11.6,22.5,10.9,90.3,13,31.3,35.1,21.459999999999997,18,12.439820788530469,11.458207245263695,58.43333333333334,49.39166666666667,35.79999999999999,39.949999999999996,London,1.0,1.0,3.0
246,2019-07-01,18.887096774193548,15.6,27.6,12.000000000000002,70.2,8,21.1,39.2,19.238709677419354,9,15.63551971326165,11.275680363543266,69.03333333333335,52.35,34.93333333333334,39.541666666666664,London,1.0,1.0,3.0
247,2019-08-01,18.238709677419354,14.9,23.3,8.4,47.2,9,11.9,48.1,21.63225806451613,16,17.643046594982078,11.27433627752176,69.23333333333333,51.19166666666667,40.800000000000004,40.88333333333333,London,1.0,2.0,3.0
248,2019-09-01,15.453333333333335,12.6,18.3,5.700000000000001,87.7,12,17.8,37.7,21.95,17,17.52637992831541,11.336836277521762,68.36666666666667,55.59166666666667,41.666666666666664,40.416666666666664,London,1.0,2.0,3.0
249,2019-10-01,11.203225806451613,6.6,15.2,8.6,111.2,15,12.5,39.6,23.70967741935484,22,14.965089605734768,11.306997567844341,82.03333333333335,61.93333333333334,41.800000000000004,40.6,London,1.0,1.0,3.0
250,2019-11-01,6.9399999999999995,2.7,13.1,10.399999999999999,100.5,19,15.4,47.2,20.473333333333336,12,11.198853046594984,11.17699756784434,99.8,65.95833333333333,41.5,40.925000000000004,London,1.0,2.0,3.0
251,2019-12-01,6.396774193548388,0.8,11.3,10.5,102.6,17,14.5,42.2,24.174193548387095,20,8.180000000000001,11.11167498719918,104.76666666666667,69.06666666666668,43.0,41.16666666666667,London,1.0,2.0,2.0
252,2020-01-01,6.72258064516129,0.3,10.8,10.5,59.4,12,12.5,48.3,24.516129032258064,20,6.686451612903227,11.367051331285202,87.5,71.76666666666667,45.9,42.13333333333333,London,2.0,2.0,3.0
253,2020-02-01,7.127586206896551,2.8,11.4,8.600000000000001,102.7,15,18.8,53.0,34.11724137931034,27,6.748980348535412,11.404171610431343,88.23333333333333,75.48333333333333,47.833333333333336,43.03333333333333,London,1.0,2.0,3.0
254,2020-03-01,6.909677419354838,4.2,12.4,8.2,45.4,10,15.4,40.9,26.838709677419356,24,6.919948090470894,11.266537201829195,69.16666666666667,75.18333333333334,47.4,41.96666666666667,London,1.0,3.0,2.0
255,2020-04-01,11.016666666666667,4.4,15.6,11.2,34.4,5,13.6,33.6,19.9,13,8.351310097639354,11.409592757384749,60.833333333333336,74.85,42.5,41.28333333333333,London,1.0,3.0,3.0
256,2020-05-01,13.774193548387096,8.2,19.1,10.900000000000002,4.7,1,2.2,37.0,20.73548387096774,12,10.566845878136201,11.539431467062167,28.166666666666668,71.35833333333333,37.166666666666664,41.824999999999996,London,1.0,3.0,3.0
257,2020-06-01,16.143333333333334,11.1,23.3,12.200000000000001,80.0,18,22.4,38.9,22.253333333333334,17,13.6447311827957,11.567764800395501,39.699999999999996,70.5,36.49999999999999,42.141666666666666,London,1.0,1.0,3.0
258,2020-07-01,17.432258064516127,14.9,24.3,9.4,46.8,10,11.1,41.9,21.458064516129035,14,15.78326164874552,11.446528241255715,43.833333333333336,68.55,39.26666666666666,42.36666666666667,London,1.0,2.0,3.0
259,2020-08-01,19.26774193548387,13.1,26.1,13.000000000000002,74.4,11,11.9,43.3,21.712903225806453,13,17.614444444444445,11.532280929427758,67.06666666666666,70.81666666666668,41.36666666666667,41.96666666666667,London,1.0,2.0,3.0
260,2020-09-01,15.456666666666667,10.1,21.3,11.200000000000001,25.5,6,6.0,39.7,21.296666666666667,17,17.385555555555555,11.532558707205537,48.9,65.63333333333334,41.633333333333326,42.13333333333333,London,1.0,3.0,3.0
261,2020-10-01,11.274193548387096,8.9,15.1,6.199999999999999,158.7,20,34.6,43.1,25.770967741935483,25,15.332867383512545,11.538472685700162,86.19999999999999,69.59166666666667,42.03333333333333,42.425000000000004,London,1.0,1.0,3.0
262,2020-11-01,9.316666666666666,4.6,14.7,10.1,47.9,10,14.9,45.1,22.540000000000003,16,12.01584229390681,11.736528241255717,77.36666666666666,65.20833333333333,42.63333333333333,42.25,London,1.0,3.0,3.0
263,2020-12-01,5.764516129032257,-0.6,11.1,11.7,84.9,13,14.0,49.9,22.738709677419354,17,8.785125448028674,11.683840069212705,97.16666666666667,63.73333333333333,46.03333333333333,42.89166666666666,London,1.0,2.0,3.0
264,2010-01-01,27.90967741935484,25.6,29.9,4.299999999999997,109.7,12,25.1,20.2,14.303225806451612,1,27.90967741935484,27.90967741935484,109.7,109.7,20.2,20.2,Rio,3.0,1.0,1.0
265,2010-02-01,28.664285714285715,23.6,31.4,7.799999999999997,97.0,7,33.4,27.0,16.5,4,28.286981566820277,28.286981566820277,103.35,103.35,23.6,23.6,Rio,3.0,1.0,1.0
266,2010-03-01,26.177419354838708,21.7,29.7,8.0,140.6,16,47.3,20.4,14.516129032258064,1,27.583794162826422,27.583794162826422,115.76666666666667,115.76666666666667,22.53333333333333,22.53333333333333,Rio,3.0,1.0,1.0
267,2010-04-01,23.436666666666667,19.8,26.9,7.099999999999998,161.8,13,54.4,29.5,16.23,6,26.092790578597032,26.547012288786483,133.13333333333335,127.275,25.63333333333333,24.275,Rio,3.0,1.0,2.0
268,2010-05-01,21.493548387096773,19.7,25.3,5.600000000000001,36.5,7,13.7,29.3,15.95483870967742,5,23.702544802867383,25.53631950844854,112.96666666666668,109.12,26.399999999999995,25.28,Rio,3.0,1.0,1.0
269,2010-06-01,18.96333333333333,16.9,21.7,4.800000000000001,38.1,7,12.3,27.1,14.656666666666666,5,21.29784946236559,24.440821812596003,78.8,97.28333333333335,28.633333333333336,25.583333333333332,Rio,2.0,2.0,3.0
270,2010-07-01,20.36774193548387,18.7,23.0,4.300000000000001,33.5,7,8.0,27.3,16.193548387096776,5,20.274874551971326,23.858953258722842,36.03333333333333,88.17142857142858,27.900000000000002,25.82857142857143,Rio,2.0,1.0,2.0
271,2010-08-01,20.15806451612903,15.9,24.4,8.499999999999998,17.900000000000002,7,4.7,32.4,18.161290322580644,11,19.829713261648745,23.396342165898616,29.833333333333332,79.3875,28.933333333333337,26.65,Rio,2.0,2.0,2.0
272,2010-09-01,22.040000000000003,18.6,25.8,7.199999999999999,83.39999999999999,12,22.2,28.1,18.166666666666668,7,20.8552688172043,23.245637480798774,44.93333333333333,79.83333333333333,29.26666666666667,26.811111111111114,Rio,3.0,1.0,2.0
273,2010-10-01,22.0258064516129,18.5,26.3,7.800000000000001,83.7,13,25.4,25.7,19.30322580645161,13,21.40795698924731,23.123654377880182,61.666666666666664,80.22,28.733333333333334,26.7,Rio,3.0,1.0,1.0
274,2010-11-01,23.68,20.0,28.6,8.600000000000001,108.0,13,28.9,22.1,16.44,6,22.581935483870968,23.17423125261835,91.7,82.74545454545455,25.3,26.281818181818185,Rio,3.0,1.0,1.0
275,2010-12-01,25.79032258064516,23.4,29.2,5.800000000000001,168.8,21,41.1,26.3,15.641935483870967,5,23.832043010752688,23.39223886328725,120.16666666666667,89.91666666666667,24.7,26.28333333333333,Rio,3.0,1.0,1.0
276,2011-01-01,26.89032258064516,23.4,30.1,6.700000000000003,148.6,13,25.3,23.8,15.90967741935484,3,25.453548387096774,23.30729262672811,141.79999999999998,93.15833333333335,24.066666666666666,26.583333333333332,Rio,3.0,1.0,1.0
277,2011-02-01,28.064285714285713,25.3,30.3,5.0,45.7,5,30.4,24.7,17.264285714285712,7,26.914976958525344,23.257292626728113,121.03333333333332,88.88333333333333,24.933333333333337,26.39166666666667,Rio,3.0,1.0,1.0
278,2011-03-01,24.419354838709676,22.5,27.1,4.600000000000001,166.6,25,18.5,20.3,14.148387096774194,1,26.45798771121352,23.11078725038402,120.3,91.05000000000001,22.933333333333334,26.38333333333333,Rio,3.0,1.0,1.0
279,2011-04-01,24.383333333333333,21.4,27.2,5.800000000000001,91.4,12,14.8,18.8,13.583333333333334,0,25.62232462877624,23.189676139272915,101.23333333333335,85.18333333333334,21.26666666666667,25.491666666666664,Rio,3.0,1.0,2.0
280,2011-05-01,20.706451612903226,17.6,25.1,7.5,61.699999999999996,12,14.1,22.0,14.796774193548387,2,23.16971326164874,23.12408474142345,106.56666666666668,87.28333333333335,20.366666666666667,24.883333333333336,Rio,3.0,1.0,2.0
281,2011-06-01,19.25,17.0,21.7,4.699999999999999,31.5,8,6.6,31.6,15.986666666666668,6,21.446594982078853,23.14797363031234,61.53333333333333,86.73333333333333,24.133333333333336,25.258333333333336,Rio,2.0,2.0,3.0
282,2011-07-01,19.616129032258065,16.1,22.0,5.899999999999999,24.800000000000004,4,8.5,23.8,15.2,4,19.857526881720432,23.08533922171019,39.333333333333336,86.00833333333333,25.8,24.96666666666667,Rio,2.0,2.0,1.0
283,2011-08-01,21.183870967741935,16.5,24.2,7.699999999999999,34.1,8,7.4,28.2,18.48709677419355,9,20.01666666666667,23.17082309267793,30.133333333333336,87.35833333333333,27.866666666666664,24.61666666666667,Rio,2.0,2.0,2.0
284,2011-09-01,20.666666666666668,17.2,25.3,8.100000000000001,26.6,7,9.3,27.7,19.973333333333336,15,20.48888888888889,23.056378648233487,28.5,82.625,26.566666666666666,24.583333333333332,Rio,2.0,2.0,2.0
285,2011-10-01,23.22258064516129,19.0,27.5,8.5,89.9,11,22.6,23.7,17.580645161290324,8,21.6910394265233,23.156109831029188,50.199999999999996,83.14166666666667,26.53333333333333,24.416666666666668,Rio,3.0,1.0,2.0
286,2011-11-01,22.716666666666665,18.6,26.7,8.099999999999998,117.8,9,23.1,25.6,17.553333333333335,6,22.201971326164877,23.075832053251407,78.10000000000001,83.95833333333333,25.666666666666668,24.708333333333332,Rio,3.0,1.0,1.0
287,2011-12-01,24.567741935483873,21.1,27.7,6.599999999999998,130.1,15,31.1,25.2,16.42258064516129,7,23.50232974910394,22.973950332821303,112.59999999999998,80.73333333333333,24.833333333333332,24.61666666666667,Rio,3.0,1.0,1.0
288,2012-01-01,24.9741935483871,21.0,28.1,7.100000000000001,234.8,15,58.0,19.5,15.332258064516129,0,24.08620071684588,22.814272913466464,160.9,87.91666666666667,23.433333333333334,24.258333333333336,Rio,3.0,1.0,1.0
289,2012-02-01,26.862068965517242,24.7,29.3,4.600000000000001,33.0,5,10.3,20.9,15.451724137931036,1,25.468001483129402,22.714088184402424,132.63333333333333,86.85833333333333,21.866666666666664,23.941666666666663,Rio,3.0,1.0,1.0
290,2012-03-01,25.641935483870967,21.5,29.6,8.100000000000001,74.2,12,17.9,27.1,14.580645161290322,1,25.826065999258436,22.81596990483253,113.99999999999999,79.15833333333335,22.5,24.508333333333336,Rio,3.0,1.0,2.0
291,2012-04-01,24.19333333333333,21.6,27.0,5.399999999999999,73.9,11,22.7,22.8,15.253333333333334,2,25.565779260907178,22.8001365714992,60.36666666666665,77.7,23.599999999999998,24.84166666666667,Rio,3.0,2.0,1.0
292,2012-05-01,20.85483870967742,18.7,24.7,6.0,80.5,13,22.5,26.0,13.438709677419356,1,23.56336917562724,22.812502162897047,76.19999999999999,79.26666666666667,25.3,25.175,Rio,3.0,1.0,2.0
293,2012-06-01,21.40666666666667,19.2,24.4,5.199999999999999,71.6,13,17.0,22.4,14.17,2,22.151612903225807,22.99222438511927,75.33333333333333,82.60833333333333,23.73333333333333,24.40833333333333,Rio,2.0,2.0,1.0
294,2012-07-01,20.33225806451613,17.1,23.0,5.899999999999999,26.299999999999997,5,10.0,29.7,15.47741935483871,6,20.864587813620073,23.05190180447411,59.46666666666665,82.73333333333333,26.03333333333333,24.899999999999995,Rio,2.0,2.0,2.0
295,2012-08-01,20.66774193548387,18.7,22.4,3.6999999999999993,7.4,2,3.6,28.1,18.593548387096774,9,20.802222222222223,23.008891051785934,35.09999999999999,80.50833333333333,26.733333333333334,24.891666666666666,Rio,2.0,2.0,2.0
296,2012-09-01,22.740000000000002,17.1,29.5,12.399999999999999,41.1,5,19.3,32.4,18.553333333333335,9,21.24666666666667,23.181668829563716,24.933333333333323,81.71666666666667,30.066666666666663,25.28333333333333,Rio,3.0,3.0,3.0
297,2012-10-01,25.148387096774194,19.9,30.5,10.600000000000001,26.499999999999996,3,16.9,27.4,18.15806451612903,9,22.85204301075269,23.342152700531457,24.99999999999999,76.43333333333332,29.299999999999997,25.59166666666667,Rio,3.0,3.0,2.0
298,2012-11-01,23.336666666666666,20.3,26.7,6.399999999999999,122.9,16,22.4,25.2,16.943333333333335,4,23.74168458781362,23.393819367198123,63.49999999999999,76.85833333333333,28.333333333333332,25.558333333333334,Rio,3.0,1.0,2.0
299,2012-12-01,27.883870967741935,24.5,31.3,6.800000000000001,71.4,12,19.8,22.1,15.541935483870969,5,25.4563082437276,23.670163453219626,73.6,71.96666666666667,24.899999999999995,25.299999999999997,Rio,3.0,2.0,1.0
300,2013-01-01,25.258064516129032,22.5,29.7,7.199999999999999,351.90000000000003,22,115.9,26.3,17.096774193548388,7,25.492867383512543,23.69381936719812,182.0666666666667,81.72500000000001,24.53333333333333,25.866666666666664,Rio,3.0,1.0,1.0
301,2013-02-01,27.139285714285712,23.2,29.8,6.600000000000001,80.7,12,18.9,18.4,14.832142857142857,0,26.760407066052228,23.716920762928826,168.0,85.7,22.266666666666662,25.658333333333335,Rio,3.0,1.0,1.0
302,2013-03-01,25.09032258064516,22.1,29.1,7.0,156.6,24,37.0,25.2,15.40967741935484,3,25.829224270353297,23.67095302099334,196.4,92.56666666666666,23.299999999999997,25.5,Rio,3.0,1.0,1.0
303,2013-04-01,22.78666666666667,20.2,26.0,5.800000000000001,37.300000000000004,9,13.5,25.5,14.536666666666667,2,25.00542498719918,23.553730798771124,91.53333333333332,89.51666666666665,23.03333333333333,25.724999999999998,Rio,3.0,3.0,1.0
304,2013-05-01,21.480645161290322,18.9,24.7,5.800000000000001,59.199999999999996,9,26.0,35.8,14.629032258064516,3,23.11921146953405,23.60588133640553,84.36666666666666,87.74166666666667,28.833333333333332,26.541666666666668,Rio,3.0,1.0,2.0
305,2013-06-01,21.23,19.8,23.1,3.3000000000000007,47.4,4,18.4,21.8,13.606666666666666,1,21.832437275985665,23.59115911418331,47.96666666666665,85.72500000000001,27.7,26.491666666666664,Rio,3.0,1.0,1.0
306,2013-07-01,19.403225806451612,15.4,24.1,8.700000000000001,96.8,11,32.8,30.6,16.31290322580645,5,20.704623655913977,23.5137397593446,67.79999999999997,91.60000000000001,29.399999999999995,26.566666666666666,Rio,2.0,1.0,3.0
307,2013-08-01,20.280645161290323,16.6,23.9,7.299999999999997,25.700000000000003,6,8.9,31.9,17.36774193548387,7,20.304623655913975,23.48148169482847,56.633333333333304,93.125,28.099999999999998,26.88333333333333,Rio,2.0,2.0,2.0
308,2013-09-01,22.09333333333333,17.6,26.2,8.599999999999998,72.0,11,17.0,36.4,18.603333333333335,10,20.592401433691755,23.427592805939582,64.83333333333331,95.7,32.96666666666666,27.21666666666667,Rio,3.0,1.0,3.0
309,2013-10-01,22.47741935483871,18.5,27.4,8.899999999999999,116.1,13,38.3,27.8,18.13225806451613,11,21.617132616487453,23.205012160778292,71.26666666666665,103.16666666666667,32.033333333333324,27.25,Rio,3.0,1.0,2.0
310,2013-11-01,23.663333333333334,19.8,29.7,9.899999999999999,155.70000000000002,13,29.1,25.7,17.44,8,22.744695340501792,23.232234383000513,114.59999999999998,105.89999999999999,29.966666666666665,27.291666666666668,Rio,3.0,1.0,2.0
311,2013-12-01,25.151612903225807,22.2,29.7,7.5,88.0,12,37.4,25.8,15.803225806451612,4,23.764121863799286,23.0045462109575,119.93333333333332,107.28333333333335,26.433333333333326,27.600000000000005,Rio,3.0,1.0,1.0
312,2014-01-01,28.69677419354839,25.3,31.0,5.699999999999999,13.399999999999999,4,4.1,22.8,16.46451612903226,3,25.837240143369176,23.291105350742452,85.69999999999997,79.075,24.766666666666662,27.308333333333334,Rio,3.0,3.0,1.0
313,2014-02-01,28.485714285714288,23.4,31.1,7.700000000000003,51.7,5,25.7,23.1,18.17142857142857,7,27.444700460829495,23.403307731694827,51.03333333333331,76.65833333333333,23.899999999999995,27.7,Rio,3.0,3.0,1.0
314,2014-03-01,26.383870967741935,23.0,29.8,6.800000000000001,72.60000000000001,11,19.8,21.0,15.312903225806451,2,27.855453149001534,23.51110343061956,45.899999999999984,69.65833333333333,22.299999999999997,27.349999999999998,Rio,3.0,1.0,1.0
315,2014-04-01,23.456666666666667,19.3,27.0,7.699999999999999,136.6,14,39.9,29.6,15.396666666666667,3,26.108750640040963,23.566936763952892,86.96666666666665,77.93333333333334,24.566666666666663,27.691666666666666,Rio,3.0,1.0,1.5
316,2014-05-01,21.503225806451614,19.0,23.8,4.800000000000001,38.0,10,13.4,25.2,14.574193548387097,4,23.781254480286737,23.568818484382998,82.39999999999999,76.16666666666667,25.266666666666662,26.808333333333334,Rio,3.0,2.0,1.0
317,2014-06-01,21.096666666666668,18.8,24.3,5.5,48.800000000000004,6,19.6,26.1,14.773333333333333,2,22.018853046594984,23.557707373271892,74.46666666666665,76.28333333333333,26.966666666666665,27.166666666666668,Rio,2.0,1.0,2.0
318,2014-07-01,19.809677419354838,18.0,22.9,4.899999999999999,88.4,10,29.0,26.4,15.416129032258064,4,20.803189964157706,23.591578341013825,58.399999999999984,75.58333333333333,25.899999999999995,26.816666666666666,Rio,2.0,1.0,1.0
319,2014-08-01,20.32903225806452,16.5,23.7,7.199999999999999,40.0,6,11.3,27.3,16.838709677419356,6,20.41179211469534,23.59561059907834,59.066666666666656,76.77499999999999,26.599999999999994,26.433333333333337,Rio,2.0,2.0,2.0
320,2014-09-01,22.626666666666665,18.1,26.3,8.2,36.699999999999996,8,16.2,27.1,19.076666666666664,13,20.92179211469534,23.640055043522782,55.03333333333331,73.83333333333333,26.933333333333326,25.65833333333333,Rio,3.0,1.0,3.0
321,2014-10-01,24.103225806451615,18.3,29.5,11.2,17.5,6,6.8,27.2,18.529032258064515,10,22.352974910394266,23.77553891449053,31.399999999999977,65.61666666666667,27.199999999999992,25.60833333333333,Rio,3.0,3.0,2.0
322,2014-11-01,24.87,20.4,28.8,8.400000000000002,67.9,11,21.8,26.8,17.8,8,23.866630824372763,23.876094470046084,40.69999999999998,58.300000000000004,27.03333333333333,25.7,Rio,3.0,3.0,2.0
323,2014-12-01,27.18064516129032,22.9,30.8,7.900000000000002,51.9,10,18.5,23.4,17.006451612903227,6,25.38462365591398,24.045180491551463,45.76666666666665,55.291666666666664,25.799999999999994,25.5,Rio,3.0,1.0,2.0
324,2015-01-01,29.161290322580644,25.1,32.2,7.100000000000001,70.8,11,14.1,19.2,15.061290322580644,0,27.070645161290326,24.08389016897081,63.53333333333331,60.07500000000001,23.133333333333326,25.200000000000003,Rio,3.0,1.0,1.0
325,2015-02-01,27.025000000000002,24.7,30.1,5.400000000000002,228.5,15,80.2,21.9,14.546428571428573,1,27.788978494623652,23.962163978494626,117.06666666666665,74.80833333333334,21.499999999999996,25.099999999999998,Rio,3.0,1.0,1.0
326,2015-03-01,25.37741935483871,23.2,27.5,4.300000000000001,141.3,16,28.1,22.4,13.438709677419356,1,27.18790322580645,23.87829301075269,146.86666666666665,80.53333333333333,21.16666666666666,25.21666666666667,Rio,3.0,1.0,1.0
327,2015-04-01,23.763333333333332,20.2,26.8,6.600000000000001,64.6,13,13.0,30.0,17.053333333333335,6,25.388584229390684,23.903848566308245,144.79999999999998,74.53333333333333,24.766666666666662,25.25,Rio,3.0,1.0,3.0
328,2015-05-01,21.641935483870967,19.9,24.4,4.5,49.2,11,9.8,21.5,14.570967741935483,1,23.594229390681004,23.91540770609319,85.03333333333332,75.46666666666667,24.63333333333333,24.941666666666666,Rio,3.0,2.0,1.0
329,2015-06-01,20.93,17.9,23.6,5.700000000000003,39.5,8,8.4,26.7,15.583333333333334,3,22.111756272401433,23.901518817204302,51.09999999999999,74.69166666666666,26.066666666666663,24.99166666666667,Rio,2.0,1.0,2.0
330,2015-07-01,21.403225806451612,17.7,23.4,5.699999999999999,45.5,10,11.0,31.8,14.970967741935485,3,21.32505376344086,24.03431451612903,44.73333333333331,71.11666666666666,26.66666666666666,25.441666666666666,Rio,2.0,2.0,3.0
331,2015-08-01,22.05483870967742,20.3,25.0,4.699999999999999,22.599999999999998,3,11.7,23.4,16.258064516129032,6,21.462688172043006,24.178131720430105,35.866666666666646,69.66666666666667,27.299999999999994,25.116666666666664,Rio,2.0,2.0,1.0
332,2015-09-01,23.39333333333333,18.1,28.5,10.399999999999999,82.7,11,15.9,27.5,17.033333333333335,6,22.28379928315412,24.242020609319,50.26666666666665,73.5,27.566666666666663,25.150000000000002,Rio,3.0,1.0,1.0
333,2015-10-01,24.72258064516129,20.6,30.2,9.599999999999998,34.9,9,11.4,25.4,18.703225806451613,12,23.39025089605735,24.2936335125448,46.73333333333331,74.95,25.433333333333326,25.0,Rio,3.0,3.0,1.0
334,2015-11-01,25.220000000000002,22.6,29.0,6.399999999999999,167.5,16,35.6,26.6,17.07,6,24.44530465949821,24.32280017921147,95.0333333333333,83.25,26.499999999999996,24.983333333333334,Rio,3.0,1.0,2.0
335,2015-12-01,26.970967741935485,22.3,30.2,7.899999999999999,69.4,15,13.3,21.4,15.46774193548387,1,25.637849462365594,24.305327060931898,90.59999999999998,84.70833333333333,24.466666666666658,24.816666666666663,Rio,3.0,1.0,2.0
336,2016-01-01,25.90967741935484,21.0,29.9,8.899999999999999,262.6,17,30.8,25.5,15.983870967741936,5,26.033548387096776,24.03435931899642,166.5,100.69166666666668,24.499999999999996,25.341666666666665,Rio,3.0,1.0,1.0
337,2016-02-01,27.848275862068967,24.8,30.6,5.800000000000001,154.8,12,81.6,29.4,14.124137931034484,2,26.909640341119765,24.102965640835492,162.26666666666668,94.55000000000001,25.433333333333326,25.96666666666667,Rio,3.0,1.0,1.0
338,2016-03-01,26.25483870967742,23.0,28.3,5.300000000000001,115.1,20,30.2,20.3,14.364516129032259,1,26.670930663700407,24.17608392040539,177.5,92.36666666666667,25.066666666666663,25.791666666666668,Rio,3.0,1.0,1.0
339,2016-04-01,26.223333333333336,20.1,28.4,8.299999999999997,29.1,5,12.4,29.4,14.6,2,26.775482635026574,24.381083920405388,99.66666666666664,89.40833333333335,26.366666666666664,25.741666666666664,Rio,3.0,3.0,2.0
340,2016-05-01,21.61935483870968,18.6,24.7,6.099999999999998,52.3,14,7.4,27.8,14.961290322580645,4,24.69917562724014,24.379202199975282,65.49999999999999,89.66666666666667,25.83333333333333,26.266666666666666,Rio,3.0,2.0,2.0
341,2016-06-01,19.183333333333334,14.9,23.5,8.6,49.0,7,22.5,21.5,14.29,3,22.34200716845878,24.233646644419725,43.46666666666665,90.45833333333333,26.23333333333333,25.833333333333332,Rio,2.0,2.0,1.0
342,2016-07-01,20.393548387096775,16.4,24.0,7.600000000000001,3.2,1,2.1,27.7,15.703225806451613,5,20.398745519713263,24.14950685947349,34.833333333333314,86.93333333333334,25.66666666666666,25.491666666666664,Rio,2.0,3.0,2.0
343,2016-08-01,21.396774193548385,17.1,25.1,8.0,34.9,9,9.6,34.5,19.55483870967742,12,20.324551971326162,24.094668149796075,29.033333333333314,87.95833333333333,27.899999999999995,26.416666666666668,Rio,2.0,2.0,2.0
344,2016-09-01,22.34333333333333,19.1,26.7,7.599999999999998,29.8,7,8.0,25.6,18.02,9,21.377885304659497,24.00716814979607,22.633333333333315,83.55,29.266666666666662,26.258333333333336,Rio,2.0,2.0,2.0
345,2016-10-01,23.164516129032258,18.8,28.8,10.0,94.0,12,32.6,27.3,19.1,11,22.301541218637993,23.877329440118654,52.89999999999998,88.47500000000001,29.13333333333333,26.416666666666668,Rio,3.0,1.0,2.0
346,2016-11-01,23.696666666666665,19.7,27.4,7.699999999999999,140.9,13,42.3,32.4,18.216666666666665,9,23.06817204301075,23.750384995674207,88.2333333333333,86.25833333333333,28.433333333333326,26.900000000000002,Rio,3.0,1.0,2.0
347,2016-12-01,26.548387096774192,21.4,31.5,10.100000000000001,64.8,9,13.9,23.6,16.567741935483873,5,24.46985663082437,23.71516994191077,99.89999999999999,85.875,27.766666666666662,27.083333333333332,Rio,3.0,1.0,1.0
348,2017-01-01,28.503225806451614,25.6,31.1,5.5,118.30000000000001,18,32.2,22.3,15.55483870967742,4,26.24942652329749,23.93129897416883,108.0,73.85000000000001,26.099999999999994,26.816666666666666,Rio,3.0,1.0,1.0
349,2017-02-01,28.110714285714288,26.0,29.6,3.6000000000000014,54.2,11,24.5,26.2,19.289285714285715,15,27.7207757296467,23.95316884280594,79.09999999999998,65.46666666666668,24.033333333333328,26.549999999999997,Rio,3.0,1.0,1.0
350,2017-03-01,25.951612903225808,22.3,30.1,7.800000000000001,190.5,17,47.7,27.0,16.887096774193548,6,27.521850998463904,23.927900025601634,120.99999999999999,71.75,25.166666666666657,27.10833333333333,Rio,3.0,1.0,1.0
351,2017-04-01,23.85666666666667,21.0,26.2,5.199999999999999,109.7,17,19.4,26.9,16.796666666666667,6,25.972997951868923,23.730677803379418,118.13333333333331,78.46666666666667,26.699999999999992,26.900000000000002,Rio,3.0,1.0,2.0
352,2017-05-01,21.887096774193548,19.7,23.3,3.6000000000000014,67.3,8,33.2,26.8,15.432258064516128,3,23.898458781362006,23.752989631336405,122.49999999999999,79.71666666666668,26.89999999999999,26.816666666666666,Rio,3.0,2.0,1.0
353,2017-06-01,21.146666666666665,18.1,24.8,6.699999999999999,40.7,7,18.2,31.8,15.596666666666668,2,22.296810035842295,23.916600742447518,72.56666666666665,79.025,28.49999999999999,27.674999999999997,Rio,2.0,2.0,1.0
354,2017-07-01,19.967741935483872,17.1,22.0,4.899999999999999,32.8,7,12.9,32.6,16.61935483870968,3,21.000501792114694,23.881116871479776,46.933333333333316,81.49166666666667,30.399999999999995,28.083333333333332,Rio,2.0,3.0,2.0
355,2017-08-01,20.4741935483871,18.5,23.4,4.899999999999999,58.9,12,10.7,34.6,18.306451612903224,9,20.529534050179212,23.804235151049667,44.13333333333332,83.49166666666667,32.99999999999999,28.09166666666667,Rio,2.0,2.0,2.0
356,2017-09-01,22.98,20.5,25.8,5.300000000000001,12.9,2,9.6,26.8,19.903333333333332,17,21.140645161290326,23.857290706605223,34.866666666666646,82.08333333333333,31.33333333333333,28.191666666666663,Rio,3.0,2.0,1.0
357,2017-10-01,24.5,20.9,27.2,6.300000000000001,41.4,7,19.4,36.3,21.009677419354837,13,22.651397849462366,23.968581029185867,37.73333333333331,77.7,32.566666666666656,28.941666666666666,Rio,3.0,1.0,2.0
358,2017-11-01,24.30666666666667,21.9,28.2,6.300000000000001,111.7,11,43.2,30.8,19.95,15,23.928888888888892,24.0194143625192,55.333333333333314,75.26666666666667,31.299999999999994,28.808333333333334,Rio,3.0,1.0,2.0
359,2017-12-01,25.66774193548387,22.3,29.3,7.0,77.2,14,14.7,28.6,17.506451612903227,7,24.82480286738351,23.946027265745006,76.76666666666665,76.3,31.89999999999999,29.225000000000005,Rio,3.0,2.0,1.0
360,2018-01-01,26.825806451612905,23.9,29.8,5.900000000000002,256.3,18,85.9,22.0,16.070967741935483,2,25.600071684587817,23.806242319508446,148.4,87.8,27.133333333333326,29.200000000000003,Rio,3.0,1.0,1.0
361,2018-02-01,25.892857142857142,22.3,29.7,7.399999999999999,145.4,21,24.6,19.8,15.239285714285714,0,26.128801843317973,23.62142089093702,159.63333333333333,95.39999999999999,23.466666666666658,28.666666666666668,Rio,3.0,1.0,1.0
362,2018-03-01,26.42258064516129,24.8,28.7,3.8999999999999986,121.0,14,35.9,25.3,15.890322580645162,4,26.380414746543778,23.66066820276498,174.23333333333332,89.60833333333333,22.36666666666666,28.525000000000002,Rio,3.0,1.0,1.0
363,2018-04-01,24.336666666666666,22.0,27.4,5.399999999999999,80.7,12,28.0,24.1,15.276666666666667,1,25.550701484895033,23.700668202764977,115.69999999999999,87.19166666666666,23.06666666666666,28.291666666666668,Rio,3.0,1.0,1.0
364,2018-05-01,22.187096774193545,19.2,25.0,5.800000000000001,60.199999999999996,11,19.9,27.5,15.106451612903227,1,24.31544802867383,23.72566820276498,87.29999999999997,86.60000000000001,25.633333333333326,28.349999999999998,Rio,3.0,2.0,1.0
365,2018-06-01,21.503333333333334,19.7,23.3,3.6000000000000014,50.9,9,11.4,24.7,13.996666666666666,5,22.675698924731183,23.755390424987198,63.933333333333316,87.45,25.433333333333326,27.758333333333336,Rio,3.0,1.0,2.0
366,2018-07-01,21.212903225806453,18.2,22.7,4.5,57.3,8,18.4,27.8,14.848387096774195,5,21.634444444444444,23.859153865847414,56.133333333333304,89.49166666666667,26.666666666666657,27.358333333333334,Rio,2.0,1.0,2.0
367,2018-08-01,20.538709677419355,18.8,23.9,5.099999999999998,75.0,13,9.9,29.3,15.67741935483871,3,21.08498207885305,23.864530209933434,61.06666666666664,90.83333333333333,27.266666666666662,26.916666666666668,Rio,2.0,1.0,2.0
368,2018-09-01,22.540000000000003,19.3,25.9,6.599999999999998,45.8,10,13.0,26.6,18.6,9,21.430537634408605,23.827863543266773,59.366666666666646,93.575,27.899999999999995,26.900000000000002,Rio,2.0,1.0,2.0
369,2018-10-01,23.467741935483872,20.0,27.1,7.100000000000001,109.5,18,30.1,27.7,17.638709677419353,8,22.18215053763441,23.741842037890425,76.76666666666665,99.25,27.86666666666666,26.183333333333337,Rio,3.0,1.0,2.0
370,2018-11-01,24.436666666666667,20.6,28.0,7.399999999999999,157.7,17,44.1,31.4,17.676666666666666,5,23.48146953405018,23.75267537122376,104.33333333333331,103.08333333333333,28.56666666666666,26.233333333333334,Rio,3.0,1.0,1.0
371,2018-12-01,26.148387096774194,21.1,29.6,8.5,84.9,9,22.5,26.5,18.164516129032258,8,24.68426523297491,23.792729134664622,117.36666666666663,103.72500000000001,28.533333333333328,26.058333333333334,Rio,3.0,1.0,1.0
372,2019-01-01,29.299999999999997,26.7,30.9,4.199999999999999,29.1,6,7.2,23.7,17.89032258064516,5,26.628351254480283,23.998911930363544,90.56666666666665,84.79166666666667,27.19999999999999,26.2,Rio,3.0,1.0,1.0
373,2019-02-01,27.010714285714283,24.1,30.1,6.0,136.0,13,36.2,30.6,17.164285714285715,7,27.486367127496155,24.092066692268304,83.33333333333331,84.00833333333334,26.933333333333326,27.100000000000005,Rio,3.0,1.0,1.0
374,2019-03-01,26.238709677419354,23.3,28.6,5.300000000000001,200.4,19,33.9,24.9,15.425806451612903,3,27.516474654377877,24.076744111623142,121.83333333333331,90.625,26.399999999999995,27.066666666666666,Rio,3.0,1.0,1.0
375,2019-04-01,25.44333333333333,23.7,28.4,4.699999999999999,84.5,11,30.2,33.5,16.356666666666666,4,26.230919098822323,24.168966333845365,140.29999999999998,90.94166666666666,29.666666666666657,27.849999999999998,Rio,3.0,2.0,1.0
376,2019-05-01,23.883870967741935,21.4,26.5,5.100000000000001,124.19999999999999,7,38.3,27.8,15.30967741935484,5,25.18863799283154,24.31036418330773,136.36666666666665,96.27499999999999,28.733333333333324,27.875,Rio,3.0,1.0,1.0
377,2019-06-01,22.490000000000002,20.3,24.8,4.5,23.6,6,5.3,31.2,15.143333333333334,2,23.939068100358423,24.392586405529954,77.43333333333331,94.0,30.833333333333325,28.416666666666668,Rio,2.0,2.0,2.0
378,2019-07-01,20.848387096774193,17.9,25.4,7.5,37.0,8,17.1,35.9,17.64516129032258,6,22.40741935483871,24.362210061443932,61.59999999999997,92.30833333333332,31.633333333333326,29.09166666666667,Rio,2.0,2.0,2.0
379,2019-08-01,20.641935483870967,18.0,24.5,6.5,80.0,13,20.6,34.7,17.91290322580645,10,21.32677419354839,24.37081221198157,46.866666666666646,92.72499999999998,33.93333333333333,29.541666666666668,Rio,2.0,1.0,2.0
380,2019-09-01,22.336666666666666,19.3,26.6,7.300000000000001,94.3,14,17.5,26.0,19.173333333333336,14,21.275663082437276,24.35386776753712,70.43333333333332,96.76666666666665,32.199999999999996,29.49166666666667,Rio,3.0,1.0,1.0
381,2019-10-01,24.01290322580645,21.2,27.8,6.600000000000001,64.4,14,23.2,27.4,18.60967741935484,12,22.3305017921147,24.399297875064004,79.56666666666665,93.00833333333333,29.36666666666666,29.466666666666665,Rio,3.0,2.0,1.0
382,2019-11-01,24.05,21.5,28.7,7.199999999999999,187.4,22,49.5,28.0,19.68,13,23.46652329749104,24.36707565284178,115.36666666666666,95.48333333333333,27.133333333333326,29.183333333333334,Rio,3.0,1.0,1.0
383,2019-12-01,25.548387096774192,22.4,29.9,7.5,108.7,16,35.2,23.7,17.364516129032257,7,24.537096774193547,24.31707565284178,120.16666666666664,97.46666666666665,26.36666666666666,28.95,Rio,3.0,1.0,1.0
384,2020-01-01,26.770967741935483,23.8,31.3,7.5,101.1,14,27.9,26.9,16.661290322580644,4,25.456451612903226,24.10632296466974,132.4,103.46666666666665,26.199999999999992,29.21666666666667,Rio,3.0,1.0,1.0
385,2020-02-01,26.058620689655175,22.5,29.4,6.899999999999999,307.7,21,43.1,33.7,17.355172413793102,6,26.125991842788284,24.026981831664813,172.5,117.77499999999999,28.099999999999994,29.474999999999998,Rio,3.0,1.0,2.0
386,2020-03-01,24.758064516129032,22.2,28.2,6.0,160.9,19,43.8,24.8,17.677419354838708,8,25.86255098257323,23.903594734890618,189.89999999999998,114.48333333333333,28.466666666666658,29.46666666666667,Rio,3.0,1.0,1.0
387,2020-04-01,23.67,22.0,28.0,6.0,51.4,13,20.1,27.4,16.94,5,24.828895068594736,23.75581695711284,173.3333333333333,111.72499999999998,28.63333333333333,28.958333333333332,Rio,3.0,2.0,1.0
388,2020-05-01,21.635483870967743,19.2,25.2,6.0,99.3,8,31.9,29.7,17.467741935483872,8,23.35451612903226,23.568451365714992,103.86666666666663,109.65000000000002,27.299999999999994,29.116666666666664,Rio,3.0,1.0,1.0
389,2020-06-01,22.526666666666664,20.3,25.4,5.099999999999998,20.8,8,5.6,36.3,14.68,3,22.610716845878134,23.571506921270544,57.16666666666665,109.41666666666667,31.133333333333326,29.541666666666668,Rio,3.0,2.0,2.0
390,2020-07-01,22.11935483870968,19.4,25.1,5.700000000000003,51.4,7,27.1,31.1,16.98709677419355,5,22.093835125448027,23.67742089976517,57.16666666666665,110.61666666666666,32.36666666666666,29.14166666666667,Rio,2.0,1.0,1.0
391,2020-08-01,21.293548387096774,17.5,24.7,7.199999999999999,75.2,6,42.5,33.2,18.151612903225807,9,21.979856630824372,23.731721975033988,49.13333333333332,110.21666666666665,33.533333333333324,29.016666666666666,Rio,2.0,1.0,2.0
392,2020-09-01,23.82,20.3,26.7,6.399999999999999,146.8,8,98.4,30.4,18.32,8,22.410967741935483,23.855333086145098,91.13333333333333,114.59166666666665,31.566666666666663,29.38333333333333,Rio,3.0,1.0,2.0
393,2020-10-01,24.229032258064517,20.9,29.3,8.400000000000002,96.9,14,24.5,27.0,20.603225806451615,16,23.114193548387096,23.873343838833275,106.3,117.3,30.2,29.349999999999998,Rio,3.0,2.0,1.0
394,2020-11-01,23.626666666666665,20.0,27.8,7.800000000000001,143.3,18,39.0,28.9,17.816666666666666,5,23.89189964157706,23.838066061055496,129.0,113.625,28.766666666666662,29.425,Rio,3.0,1.0,2.0
395,2020-12-01,25.916129032258063,22.5,29.0,6.5,217.1,17,36.2,24.3,15.600000000000001,4,24.590609318996414,23.868711222345812,152.4333333333333,122.65833333333335,26.73333333333333,29.475000000000005,Rio,3.0,1.0,1.0
